date,variable,strat,type,median,mean,sd,lower_90,lower_50,lower_20,upper_20,upper_50,upper_90
2026-05-14,R,,estimate,2.31643787251345,2.49545486176591,0.890354349376032,1.44984064456526,1.8130884890733,2.10778828806419,2.54242861290557,2.9763290793557,4.21034566463568
2026-05-15,R,,estimate,2.30086970864436,2.46132823314096,0.843765714177085,1.45179967413499,1.80833106443877,2.09751812331163,2.51555210861916,2.93188642912858,4.06705213777704
2026-05-16,R,,estimate,2.28482946752526,2.42602962305402,0.797776446059454,1.45330344714324,1.80782140881673,2.08663586012469,2.48753530675102,2.88656669322186,3.93908345091908
2026-05-17,R,,estimate,2.26409133510946,2.38957313643578,0.75246990483495,1.45532701205273,1.80445796856284,2.06991294640095,2.45570017340672,2.83418919379986,3.80912010991603
2026-05-18,R,,estimate,2.24033198197514,2.3519781833857,0.707910588140234,1.45694160408812,1.79907890521952,2.05796790822183,2.42172612030518,2.77496845347864,3.68192804027599
2026-05-19,R,,estimate,2.21433885994361,2.31327589912801,0.664153265713914,1.45842771486211,1.79501955383103,2.04268664725462,2.39144047902139,2.72180933147546,3.55823907749974
2026-05-20,R,,estimate,2.1911176067087,2.2735154501014,0.62125129827451,1.46023258139284,1.78964179110699,2.0234351237935,2.35444685608975,2.66369221243765,3.42252590746661
2026-05-21,R,,estimate,2.15901262052357,2.2327694751961,0.579262818680083,1.4603783814913,1.778092463363,2.00410748124574,2.31954111214792,2.60736240687097,3.2862593418955
2026-05-22,R,,estimate,2.12583397444959,2.19113825527928,0.538254902054469,1.4604534765505,1.76839654854824,1.98074368824702,2.27846040056477,2.54064282438474,3.17364303915213
2026-05-23,R,,estimate,2.09244760978921,2.14875242326874,0.498306899994252,1.45968876966126,1.75822733525209,1.95696495355043,2.24155811070318,2.4724363607477,3.05781387848261
2026-05-24,R,,estimate,2.05837494118674,2.10577400451411,0.459514126820683,1.46100344591966,1.74494220324228,1.9347113195869,2.19675564988962,2.41156254361794,2.92915546894753
2026-05-25,R,,estimate,2.02483739462506,2.06239543168285,0.421992143655422,1.46025497835838,1.73237719275258,1.91075585629187,2.15219439568829,2.34792991437883,2.80896923276816
2026-05-26,R,,estimate,1.9903437952861,2.01883614625554,0.385880650277683,1.45905907056967,1.71735868042514,1.88362194338514,2.10217922311459,2.27872946925493,2.69680229827137
2026-05-27,R,,estimate,1.95568466992424,1.97533664102859,0.351345285590949,1.45784903246574,1.70178996581115,1.85394536467083,2.05165323737414,2.21201689037552,2.58229066573137
2026-05-28,R,,estimate,1.92176452868923,1.93215027569819,0.318575945167293,1.45618113878659,1.68716680143101,1.82622371080087,2.00595405895208,2.14975331001469,2.48258037703498
2026-05-29,R,,estimate,1.88374589883504,1.88953369921473,0.287781386316266,1.45523004391451,1.66809163410797,1.79905082462764,1.95612622027297,2.08654889608052,2.3841382533599
2026-05-30,R,,estimate,1.84207130714995,1.84773700148505,0.259181132860081,1.45303592390918,1.64858485229008,1.76925522313385,1.90772469300656,2.02430971750233,2.28701454271053
2026-05-31,R,,estimate,1.80252846632597,1.80699468414244,0.232996058288948,1.45033348655273,1.62951099334127,1.74036484574711,1.85969979498043,1.96167089238122,2.20106840868901
2026-06-01,R,,estimate based on partial data,1.76311562499789,1.76751825539986,0.209438010650848,1.44507497128133,1.60822825178021,1.70875291970311,1.81655717580173,1.90653192703632,2.12484658442529
2026-06-02,R,,estimate based on partial data,1.72316625330839,1.72949089246688,0.188696876487846,1.4385541225439,1.58902749886476,1.67586126957558,1.77289697644888,1.85489261608117,2.05047066636098
2026-06-03,R,,estimate based on partial data,1.68605352385617,1.69306432643319,0.170921988286681,1.43097372765364,1.56756348668784,1.64278250549014,1.73120689227955,1.80751030495856,1.98300355650322
2026-06-04,R,,estimate based on partial data,1.65103025111607,1.65835792692944,0.15619570935795,1.41988022675822,1.54512935720523,1.61013368933487,1.69242955530269,1.7608831639213,1.92577170422661
2026-06-05,R,,estimate based on partial data,1.61861834633459,1.62545983560517,0.144501793528135,1.40496247225586,1.52200597336888,1.58031954753065,1.65763917822003,1.71983418566144,1.87666634630271
2026-06-06,R,,estimate based on partial data,1.58834601405914,1.59442984180198,0.135698651720318,1.3849025427706,1.49933717240514,1.55301943287913,1.62280157614599,1.68189180373257,1.82951675373133
2026-06-07,R,,estimate based on partial data,1.55954183064662,1.56530349947773,0.129512570220101,1.36599699609566,1.4761745734607,1.52813062111023,1.59140230774186,1.65078051170784,1.78486917363772
2026-06-08,R,,estimate based on partial data,1.53399057732246,1.53809682034233,0.125560982429708,1.33659854746315,1.45429465824493,1.50471393114294,1.5639740821644,1.62014883347676,1.74942385508873
2026-06-09,R,,estimate based on partial data,1.5107223240987,1.51281083989326,0.123400919337282,1.31044896317353,1.43418999001296,1.48213107945994,1.53937952412072,1.59157281435235,1.71934017707126
2026-06-10,R,,estimate based on partial data,1.48927983790742,1.48943548901834,0.122584164104624,1.28704538946063,1.4118812598081,1.46099650902145,1.51828194012544,1.5680887293614,1.6884526748771
2026-06-11,R,,estimate based on partial data,1.47027389190107,1.46795247516971,0.122700092125502,1.25845010279464,1.39377325073522,1.44203255663461,1.49888048699309,1.54593017693222,1.66636174061049
2026-06-12,R,,estimate based on partial data,1.45441843109226,1.4483371752704,0.123398046258937,1.23286847186598,1.37513323635432,1.42372714500228,1.48212784297714,1.52746042671313,1.64267944108418
2026-06-13,R,,estimate based on partial data,1.43781291739997,1.43055975053305,0.124392421341497,1.21151305614917,1.35580772950321,1.40668036021466,1.46682215695882,1.5134543693161,1.62485209717419
2026-06-14,R,,estimate based on partial data,1.42433777669428,1.41458575145872,0.12545824437937,1.19445615922184,1.33886318930739,1.39083624887715,1.4515225603101,1.49991739781195,1.60569463730507
2026-06-15,R,,estimate based on partial data,1.41049082333106,1.40037641582973,0.126423664196482,1.17915525695764,1.3222949968486,1.37749654739637,1.43906424334387,1.48799190336402,1.59209236402415
2026-06-16,R,,estimate based on partial data,1.39884434010111,1.38788876037285,0.127162417632988,1.16552923175552,1.30683584204797,1.36587395073549,1.42981149994971,1.47649022118853,1.57665824690821
2026-06-17,R,,estimate based on partial data,1.38857583297366,1.37707551298128,0.12758690498684,1.1539346250242,1.29427504433838,1.35502616948981,1.42011577324099,1.4673670986408,1.56837136428692
2026-06-18,R,,estimate based on partial data,1.37934434817845,1.36788495498218,0.127641701838323,1.14377081587015,1.28406034330589,1.34513028199203,1.4118391213728,1.46011315375453,1.55905640534846
2026-06-19,R,,estimate based on partial data,1.37177688320637,1.3602608026427,0.127297540406067,1.13837943554077,1.27580096038672,1.33627563383665,1.40369619868066,1.45239822871306,1.55044294637164
2026-06-20,R,,estimate based on partial data,1.36571595976663,1.35414228546295,0.126546141051323,1.13380996171864,1.26896008857525,1.32945206054085,1.39805926005577,1.44642342120827,1.54286819697356
2026-06-21,R,,estimate based on partial data,1.36046409838041,1.34946453289603,0.125396285867302,1.13182753864116,1.26606464726309,1.32463577538137,1.3921247264156,1.4406573987425,1.53844640189235
2026-06-22,R,,estimate based on partial data,1.35614445390121,1.34615927382006,0.12387122204344,1.13061346447605,1.26396785776524,1.32122548227109,1.38892179909636,1.4373662087516,1.53583749956333
2026-06-23,R,,estimate based on partial data,1.35241297002092,1.34415573983212,0.122007131154458,1.1307319073745,1.26202906660653,1.31956937539567,1.38510891208469,1.43367928951802,1.52998488524684
2026-06-24,R,,estimate based on partial data,1.35139874659825,1.34338160060971,0.119852219989294,1.13717976054808,1.26298195704989,1.31919751257954,1.38219201620888,1.43103848603094,1.52610468134714
2026-06-25,R,,estimate based on partial data,1.35123550361113,1.34376376726163,0.117466031538829,1.1421847296387,1.26527906673456,1.31992735331331,1.38023739542075,1.42943593639545,1.52199612373248
2026-06-26,R,,estimate based on partial data,1.35135406838351,1.34522895359167,0.114918790058857,1.147838667707,1.26787903181638,1.32014471123343,1.38104617322959,1.42765537962087,1.52081271036926
2026-06-27,R,,estimate based on partial data,1.35241050149265,1.34770393936404,0.112290893996316,1.1563741870911,1.27060408027014,1.32271932979944,1.38195687705097,1.42849103824739,1.52115607315949
2026-06-28,R,,estimate based on partial data,1.35552831806492,1.35111550002326,0.109672896875959,1.16446305643562,1.27546428269155,1.32546094001124,1.38319021867847,1.43043983794669,1.52326592618675
2026-06-29,R,,estimate based on partial data,1.35891813841435,1.355389955911,0.107166208498072,1.17398201250393,1.28217287586428,1.33033232199635,1.3871789911671,1.43275293676391,1.52402006020903
2026-06-30,R,,estimate based on partial data,1.36315716756429,1.36045228818802,0.104884093983572,1.18412001923593,1.28900618834209,1.33587433442775,1.39073360778756,1.43510271029255,1.52711331031381
2026-07-01,R,,estimate based on partial data,1.36802953503321,1.36622481521874,0.102951491962026,1.19557961615402,1.29732346122492,1.342694065548,1.39547677011655,1.4379460041223,1.52974720227646
2026-07-02,R,,estimate based on partial data,1.37521157397244,1.37262554133018,0.101501388931008,1.20407417596635,1.30380555288635,1.34892365129282,1.40051729552137,1.4431028858969,1.53605764644452
2026-07-03,R,,estimate based on partial data,1.38176064164185,1.37956644766525,0.10066588223078,1.21171144599839,1.31007650620866,1.35480195701498,1.40771220392597,1.44805426923033,1.53842808319791
2026-07-04,R,,estimate based on partial data,1.38817016621541,1.38695212008671,0.10056206594908,1.22121598693864,1.31728909885274,1.36148379199875,1.41339468189406,1.455536178028,1.54917510966531
2026-07-05,R,,estimate based on partial data,1.39598714806422,1.39467913291298,0.101275793958384,1.22968135693446,1.32406391730208,1.36840027386376,1.42056138293051,1.46277474059035,1.55902066788461
2026-07-06,R,,estimate based on partial data,1.40226309137927,1.40263651079026,0.102848519070998,1.23811159387673,1.33088788915019,1.3761791285914,1.42871217454355,1.47137406198326,1.56953768565213
2026-07-07,R,,estimate based on partial data,1.40847956456039,1.41070741760012,0.105272190319972,1.24316035017939,1.33721063939473,1.3822789223613,1.43597399532091,1.48026931436546,1.58263225405723
2026-07-08,R,,estimate based on partial data,1.41607164523669,1.41877204252718,0.108494506938463,1.24822127091705,1.34363111905923,1.39041322451003,1.44337775435159,1.48946630153372,1.5955137837852
2026-07-09,R,,estimate based on partial data,1.42281480458951,1.42671151550375,0.112433247501485,1.25057838914809,1.3507934327025,1.39610488316401,1.45086179594226,1.49760159362269,1.61435296851254
2026-07-10,R,,estimate based on partial data,1.4294111127094,1.43441258054205,0.116995754241483,1.25306873944833,1.35515875378317,1.40141365568632,1.45924937293662,1.50606840373055,1.63161457425647
2026-07-11,R,,estimate based on partial data,1.4369958062424,1.44177264940343,0.122098651619079,1.25114629831371,1.35966727914762,1.40650035487259,1.4660840491313,1.5144257674143,1.64678361895652
2026-07-12,R,,estimate based on partial data,1.44309069336716,1.44870473656634,0.127683186303439,1.2513491919048,1.36274835661578,1.4116322884192,1.47277303792488,1.52493251914819,1.66269917769118
2026-07-13,R,,estimate based on partial data,1.44730187240317,1.45514168374759,0.133722835804795,1.25018345881381,1.36524562475293,1.41611135997295,1.47881281204671,1.53370764957285,1.68149844562997
2026-07-14,R,,estimate based on partial data,1.45174875624146,1.46103909810814,0.140221987077033,1.24763519521985,1.36545761532093,1.41974757316135,1.48545606357452,1.54485760988364,1.70228525073988
2026-07-15,R,,estimate based on partial data,1.45512712490431,1.46637660346345,0.147207223421342,1.24148740388319,1.36685341740303,1.42275304559441,1.49047171322242,1.55374371775027,1.72107850742915
2026-07-16,R,,estimate based on partial data,1.45829913073989,1.47115730513832,0.154715092839877,1.23680674244347,1.36679875618896,1.42395708674055,1.49478912977956,1.56218589139043,1.7425424000716
2026-07-17,R,,estimate based on partial data,1.46127251180056,1.47540568348205,0.162780947949927,1.22982057515782,1.36677445093421,1.42528218146859,1.49728548272989,1.57082726126542,1.76565254549345
2026-07-18,R,,estimate based on partial data,1.46345714610296,1.4791643318213,0.171432072861597,1.22099875597997,1.36457674239624,1.42615581898844,1.50150403499509,1.57863738848532,1.7864158238516
2026-07-19,R,,estimate based on partial data,1.46332705921179,1.48248998375037,0.180685642912659,1.21032549309244,1.36371907092162,1.42590760051469,1.50512114027274,1.58532032968449,1.81256227532104
2026-07-20,R,,estimate based on partial data,1.4640052574014,1.48544917999569,0.190549689358678,1.20018173862761,1.36043240330138,1.42700181771005,1.50590541098188,1.59236569087533,1.83099581315694
2026-07-21,R,,estimate based on partial data,1.46427211705945,1.48811382282603,0.201024460305699,1.19041480890549,1.35632746290943,1.42526896018866,1.50864763811207,1.60105657603028,1.86183254258138
2026-07-22,R,,estimate based on partial data,1.46522168948585,1.49055685264179,0.212102563586174,1.17572153239722,1.35332041414185,1.42465894678211,1.50996753826443,1.60727481574938,1.88705632928722
2026-07-23,R,,estimate based on partial data,1.46427556947189,1.49284835853524,0.223768106476587,1.16560318311231,1.34972563784863,1.4244463186556,1.51216651140599,1.61522853178089,1.91776312730641
2026-07-24,R,,estimate based on partial data,1.46445982189838,1.4950525037539,0.23599636025429,1.15155217099832,1.34606772972359,1.42141469315446,1.51563547458021,1.62247272481308,1.94107560013491
2026-07-25,R,,estimate based on partial data,1.46463682090115,1.49722558328743,0.248755407517457,1.13956405630742,1.3422368904521,1.41831314426492,1.51598538605604,1.62584976108994,1.96965218947711
2026-07-26,R,,estimate based on partial data,1.464324936078,1.49941528604961,0.262009894688657,1.12507298228982,1.33767260726424,1.41833344133565,1.51784582232702,1.6344552413139,1.99397159683663
2026-07-27,R,,estimate based on partial data,1.46488117645943,1.50166089386194,0.275725363993405,1.11145452564899,1.33168726643533,1.41482956690321,1.51949058734448,1.64177805185605,2.02295906042244
2026-07-28,R,,estimate based on partial data,1.46310986172952,1.50399389607831,0.289870830338674,1.09593677001413,1.32580157503783,1.41069192835039,1.52186744492385,1.64947530110623,2.04915694900435
2026-07-29,R,,estimate based on partial data,1.46468694264525,1.50643849592729,0.304417940096753,1.08091590668295,1.32007644607099,1.40808230206547,1.52466525049729,1.6551430124356,2.08137038201534
2026-07-30,R,,estimate based on partial data,1.46306760450582,1.50901175625639,0.31933693109002,1.06406586849063,1.31473092115059,1.4061771980343,1.52509868852499,1.65897455240123,2.11994626859811
2026-07-31,R,,estimate based on partial data,1.46155358476961,1.51172352199561,0.334591614328255,1.04850475985476,1.30764755555467,1.40495227562166,1.52646067139609,1.66768483805703,2.15372194524608
2026-08-01,R,,forecast,1.46155358476961,1.51172352199561,0.334591614328255,1.04850475985476,1.30764755555467,1.40495227562166,1.52646067139609,1.66768483805703,2.15372194524608
2026-08-02,R,,forecast,1.46155358476961,1.51172352199561,0.334591614328255,1.04850475985476,1.30764755555467,1.40495227562166,1.52646067139609,1.66768483805703,2.15372194524608
2026-08-03,R,,forecast,1.46155358476961,1.51172352199561,0.334591614328255,1.04850475985476,1.30764755555467,1.40495227562166,1.52646067139609,1.66768483805703,2.15372194524608
2026-08-04,R,,forecast,1.46155358476961,1.51172352199561,0.334591614328255,1.04850475985476,1.30764755555467,1.40495227562166,1.52646067139609,1.66768483805703,2.15372194524608
2026-08-05,R,,forecast,1.46155358476961,1.51172352199561,0.334591614328255,1.04850475985476,1.30764755555467,1.40495227562166,1.52646067139609,1.66768483805703,2.15372194524608
2026-08-06,R,,forecast,1.46155358476961,1.51172352199561,0.334591614328255,1.04850475985476,1.30764755555467,1.40495227562166,1.52646067139609,1.66768483805703,2.15372194524608
2026-08-07,R,,forecast,1.46155358476961,1.51172352199561,0.334591614328255,1.04850475985476,1.30764755555467,1.40495227562166,1.52646067139609,1.66768483805703,2.15372194524608
