cell,ve_i,ve_m,n_replicates,median_cases,median_deaths,median_doses,median_mortality_reduction_pct
vei_0.000_vem_0.000,0.000,0.000,100,1805.0,813.5,40000.0,0.0
vei_0.000_vem_0.075,0.000,0.075,100,1805.0,788.5,40000.0,2.824951380684463
vei_0.000_vem_0.150,0.000,0.150,100,1805.0,768.0,40000.0,5.63224750443783
vei_0.000_vem_0.225,0.000,0.225,100,1805.0,743.5,40000.0,8.35073473293533
vei_0.000_vem_0.300,0.000,0.300,100,1805.0,714.5,40000.0,11.141791880269109
vei_0.000_vem_0.375,0.000,0.375,100,1805.0,696.0,40000.0,14.104183070622433
vei_0.000_vem_0.450,0.000,0.450,100,1805.0,677.0,40000.0,16.874651201592535
vei_0.000_vem_0.525,0.000,0.525,100,1805.0,654.5,40000.0,19.525265939608566
vei_0.000_vem_0.600,0.000,0.600,100,1805.0,636.5,40000.0,22.08747846384705
vei_0.000_vem_0.675,0.000,0.675,100,1805.0,614.0,40000.0,24.862745098039216
vei_0.000_vem_0.750,0.000,0.750,100,1805.0,590.0,40000.0,27.527825318418266
vei_0.000_vem_0.825,0.000,0.825,100,1805.0,563.5,40000.0,30.361722544593214
vei_0.000_vem_0.900,0.000,0.900,100,1805.0,540.0,40000.0,33.336757730151305
vei_0.075_vem_0.000,0.075,0.000,100,1453.0,654.0,40000.0,20.97288591460206
vei_0.075_vem_0.075,0.075,0.075,100,1453.0,640.0,40000.0,22.926120769306827
vei_0.075_vem_0.150,0.075,0.150,100,1453.0,625.5,40000.0,24.81848684848908
vei_0.075_vem_0.225,0.075,0.225,100,1453.0,607.0,40000.0,26.96179130780328
vei_0.075_vem_0.300,0.075,0.300,100,1453.0,589.5,40000.0,29.04806057796322
vei_0.075_vem_0.375,0.075,0.375,100,1453.0,577.0,40000.0,30.55728088336784
vei_0.075_vem_0.450,0.075,0.450,100,1453.0,562.0,40000.0,32.77479766610202
vei_0.075_vem_0.525,0.075,0.525,100,1453.0,544.5,40000.0,34.520685216700215
vei_0.075_vem_0.600,0.075,0.600,100,1453.0,530.0,40000.0,36.74685826330185
vei_0.075_vem_0.675,0.075,0.675,100,1453.0,514.5,40000.0,38.84123858686149
vei_0.075_vem_0.750,0.075,0.750,100,1453.0,496.0,40000.0,40.4079164471013
vei_0.075_vem_0.825,0.075,0.825,100,1453.0,478.5,40000.0,42.43993381386282
vei_0.075_vem_0.900,0.075,0.900,100,1453.0,460.5,40000.0,44.19125980325491
vei_0.150_vem_0.000,0.150,0.000,100,1157.0,531.0,40000.0,33.225182207876315
vei_0.150_vem_0.075,0.150,0.075,100,1157.0,519.0,40000.0,34.87463240984368
vei_0.150_vem_0.150,0.150,0.150,100,1157.0,508.00000000000006,40000.0,36.52753679069468
vei_0.150_vem_0.225,0.150,0.225,100,1157.0,495.0,40000.0,37.84155646637281
vei_0.150_vem_0.300,0.150,0.300,100,1157.0,483.5,40000.0,39.311365706677876
vei_0.150_vem_0.375,0.150,0.375,100,1157.0,470.5,40000.0,40.87638969217917
vei_0.150_vem_0.450,0.150,0.450,100,1157.0,460.5,40000.0,42.21916971916972
vei_0.150_vem_0.525,0.150,0.525,100,1157.0,447.5,40000.0,43.733391042914526
vei_0.150_vem_0.600,0.150,0.600,100,1157.0,435.5,40000.0,44.9575422962676
vei_0.150_vem_0.675,0.150,0.675,100,1157.0,424.5,40000.0,46.40861412791237
vei_0.150_vem_0.750,0.150,0.750,100,1157.0,414.0,40000.0,48.04377236623898
vei_0.150_vem_0.825,0.150,0.825,100,1157.0,400.0,40000.0,49.57290229318615
vei_0.150_vem_0.900,0.150,0.900,100,1157.0,388.5,40000.0,50.99770192253797
vei_0.225_vem_0.000,0.225,0.000,100,1000.5,455.0,40000.0,45.44573436641895
vei_0.225_vem_0.075,0.225,0.075,100,1000.5,447.5,40000.0,46.33931449325982
vei_0.225_vem_0.150,0.225,0.150,100,1000.5,438.5,40000.0,47.298031811420074
vei_0.225_vem_0.225,0.225,0.225,100,1000.5,428.0,40000.0,48.62398521749667
vei_0.225_vem_0.300,0.225,0.300,100,1000.5,421.5,40000.0,49.75955713074033
vei_0.225_vem_0.375,0.225,0.375,100,1000.5,411.0,40000.0,50.62770605285975
vei_0.225_vem_0.450,0.225,0.450,100,1000.5,403.5,40000.0,51.76666155183878
vei_0.225_vem_0.525,0.225,0.525,100,1000.5,396.0,40000.0,52.81758818815747
vei_0.225_vem_0.600,0.225,0.600,100,1000.5,387.0,40000.0,53.98547388880364
vei_0.225_vem_0.675,0.225,0.675,100,1000.5,379.0,40000.0,55.00758699469763
vei_0.225_vem_0.750,0.225,0.750,100,1000.5,371.0,40000.0,55.97294395353303
vei_0.225_vem_0.825,0.225,0.825,100,1000.5,363.5,40000.0,57.07654423271656
vei_0.225_vem_0.900,0.225,0.900,100,1000.5,353.5,40000.0,58.05114614539983
vei_0.300_vem_0.000,0.300,0.000,100,815.0,377.0,40000.0,54.563456850623965
vei_0.300_vem_0.075,0.300,0.075,100,815.0,369.0,40000.0,55.22635392284617
vei_0.300_vem_0.150,0.300,0.150,100,815.0,363.0,40000.0,55.90237728719083
vei_0.300_vem_0.225,0.300,0.225,100,815.0,354.0,40000.0,56.57409238542685
vei_0.300_vem_0.300,0.300,0.300,100,815.0,349.0,40000.0,57.513381617449824
vei_0.300_vem_0.375,0.300,0.375,100,815.0,341.5,40000.0,58.41066760708196
vei_0.300_vem_0.450,0.300,0.450,100,815.0,338.0,40000.0,58.98572724081963
vei_0.300_vem_0.525,0.300,0.525,100,815.0,333.5,40000.0,59.79987931845844
vei_0.300_vem_0.600,0.300,0.600,100,815.0,325.5,40000.0,60.36356250634711
vei_0.300_vem_0.675,0.300,0.675,100,815.0,318.0,40000.0,61.15702141739617
vei_0.300_vem_0.750,0.300,0.750,100,815.0,314.0,40000.0,61.90095659090842
vei_0.300_vem_0.825,0.300,0.825,100,815.0,307.5,40000.0,62.567913845178445
vei_0.300_vem_0.900,0.300,0.900,100,815.0,299.5,40000.0,63.65827778413744
vei_0.375_vem_0.000,0.375,0.000,100,719.0,331.5,40000.0,59.74377607951615
vei_0.375_vem_0.075,0.375,0.075,100,719.0,328.5,40000.0,60.35433789077502
vei_0.375_vem_0.150,0.375,0.150,100,719.0,323.5,40000.0,60.92981927819473
vei_0.375_vem_0.225,0.375,0.225,100,719.0,317.0,40000.0,61.545404054429326
vei_0.375_vem_0.300,0.375,0.300,100,719.0,314.5,40000.0,62.39936892375917
vei_0.375_vem_0.375,0.375,0.375,100,719.0,309.5,40000.0,63.05513991103511
vei_0.375_vem_0.450,0.375,0.450,100,719.0,304.5,40000.0,63.47328072218902
vei_0.375_vem_0.525,0.375,0.525,100,719.0,298.5,40000.0,63.94126803820102
vei_0.375_vem_0.600,0.375,0.600,100,719.0,292.0,40000.0,64.59372536835988
vei_0.375_vem_0.675,0.375,0.675,100,719.0,288.0,40000.0,64.89402364571225
vei_0.375_vem_0.750,0.375,0.750,100,719.0,283.5,40000.0,65.61763689485093
vei_0.375_vem_0.825,0.375,0.825,100,719.0,280.0,40000.0,66.26846994020504
vei_0.375_vem_0.900,0.375,0.900,100,719.0,275.0,40000.0,66.7998667998668
vei_0.450_vem_0.000,0.450,0.000,100,599.5,276.0,40000.0,65.56405055390857
vei_0.450_vem_0.075,0.450,0.075,100,599.5,273.0,40000.0,66.14666693012441
vei_0.450_vem_0.150,0.450,0.150,100,599.5,270.0,40000.0,66.66666666666667
vei_0.450_vem_0.225,0.450,0.225,100,599.5,265.5,40000.0,67.22950508216965
vei_0.450_vem_0.300,0.450,0.300,100,599.5,263.0,40000.0,67.72347297425668
vei_0.450_vem_0.375,0.450,0.375,100,599.5,258.5,40000.0,67.86418257813241
vei_0.450_vem_0.450,0.450,0.450,100,599.5,257.5,40000.0,68.21744086634368
vei_0.450_vem_0.525,0.450,0.525,100,599.5,253.0,40000.0,68.42702099363541
vei_0.450_vem_0.600,0.450,0.600,100,599.5,249.0,40000.0,68.74201787994892
vei_0.450_vem_0.675,0.450,0.675,100,599.5,245.0,40000.0,69.29727838039364
vei_0.450_vem_0.750,0.450,0.750,100,599.5,242.5,40000.0,69.66362604865584
vei_0.450_vem_0.825,0.450,0.825,100,599.5,239.99999999999997,40000.0,70.02385005241241
vei_0.450_vem_0.900,0.450,0.900,100,599.5,237.50000000000003,40000.0,70.60427500506518
vei_0.525_vem_0.000,0.525,0.000,100,551.5,252.0,40000.0,68.65703608726943
vei_0.525_vem_0.075,0.525,0.075,100,551.5,247.5,40000.0,69.0879549680457
vei_0.525_vem_0.150,0.525,0.150,100,551.5,245.5,40000.0,69.25168782730725
vei_0.525_vem_0.225,0.525,0.225,100,551.5,242.5,40000.0,69.3719739178218
vei_0.525_vem_0.300,0.525,0.300,100,551.5,240.0,40000.0,69.7328321893655
vei_0.525_vem_0.375,0.525,0.375,100,551.5,237.00000000000003,40000.0,70.10046917344417
vei_0.525_vem_0.450,0.525,0.450,100,551.5,234.5,40000.0,70.3430543408307
vei_0.525_vem_0.525,0.525,0.525,100,551.5,231.5,40000.0,70.47011914388025
vei_0.525_vem_0.600,0.525,0.600,100,551.5,230.0,40000.0,70.74509588993678
vei_0.525_vem_0.675,0.525,0.675,100,551.5,228.0,40000.0,71.22624025199502
vei_0.525_vem_0.750,0.525,0.750,100,551.5,226.0,40000.0,71.60969981828161
vei_0.525_vem_0.825,0.525,0.825,100,551.5,223.5,40000.0,71.88442439355762
vei_0.525_vem_0.900,0.525,0.900,100,551.5,222.00000000000003,40000.0,72.03896103896105
vei_0.600_vem_0.000,0.600,0.000,100,492.0,222.00000000000003,40000.0,73.02036199095022
vei_0.600_vem_0.075,0.600,0.075,100,492.0,220.5,40000.0,73.28251813545931
vei_0.600_vem_0.150,0.600,0.150,100,492.0,219.0,40000.0,73.28251813545931
vei_0.600_vem_0.225,0.600,0.225,100,492.0,218.0,40000.0,73.36566563413311
vei_0.600_vem_0.300,0.600,0.300,100,492.0,216.0,40000.0,73.57804232804233
vei_0.600_vem_0.375,0.600,0.375,100,492.0,214.0,40000.0,73.95833333333334
vei_0.600_vem_0.450,0.600,0.450,100,492.0,213.0,40000.0,74.06828371922087
vei_0.600_vem_0.525,0.600,0.525,100,492.0,211.0,40000.0,74.3031746031746
vei_0.600_vem_0.600,0.600,0.600,100,492.0,208.49999999999997,40000.0,74.56825396825397
vei_0.600_vem_0.675,0.600,0.675,100,492.0,207.99999999999997,40000.0,74.73412698412699
vei_0.600_vem_0.750,0.600,0.750,100,492.0,205.50000000000003,40000.0,75.01626984126985
vei_0.600_vem_0.825,0.600,0.825,100,492.0,204.50000000000003,40000.0,75.19179894179894
vei_0.600_vem_0.900,0.600,0.900,100,492.0,203.5,40000.0,75.42328042328043
vei_0.675_vem_0.000,0.675,0.000,100,468.5,213.5,40000.0,74.10687968347901
vei_0.675_vem_0.075,0.675,0.075,100,468.5,213.0,40000.0,74.43288099853757
vei_0.675_vem_0.150,0.675,0.150,100,468.5,212.0,40000.0,74.67336099490981
vei_0.675_vem_0.225,0.675,0.225,100,468.5,211.0,40000.0,74.67336099490981
vei_0.675_vem_0.300,0.675,0.300,100,468.5,210.0,40000.0,74.84525388565791
vei_0.675_vem_0.375,0.675,0.375,100,468.5,208.49999999999997,40000.0,74.94834710743801
vei_0.675_vem_0.450,0.675,0.450,100,468.5,207.49999999999997,40000.0,74.94834710743801
vei_0.675_vem_0.525,0.675,0.525,100,468.5,206.5,40000.0,75.0531914893617
vei_0.675_vem_0.600,0.675,0.600,100,468.5,206.00000000000003,40000.0,75.19211686075357
vei_0.675_vem_0.675,0.675,0.675,100,468.5,204.50000000000003,40000.0,75.24530835011528
vei_0.675_vem_0.750,0.675,0.750,100,468.5,203.0,40000.0,75.46423834302622
vei_0.675_vem_0.825,0.675,0.825,100,468.5,202.0,40000.0,75.66383562443453
vei_0.675_vem_0.900,0.675,0.900,100,468.5,200.0,40000.0,75.73242273005866
vei_0.750_vem_0.000,0.750,0.000,100,438.0,198.5,40000.0,75.38273572377159
vei_0.750_vem_0.075,0.750,0.075,100,438.0,196.5,40000.0,75.43253652058434
vei_0.750_vem_0.150,0.750,0.150,100,438.0,196.5,40000.0,75.69907312049433
vei_0.750_vem_0.225,0.750,0.225,100,438.0,196.0,40000.0,75.75056642636457
vei_0.750_vem_0.300,0.750,0.300,100,438.0,195.5,40000.0,75.81723309303123
vei_0.750_vem_0.375,0.750,0.375,100,438.0,195.0,40000.0,75.88949772407449
vei_0.750_vem_0.450,0.750,0.450,100,438.0,195.0,40000.0,75.94099102994474
vei_0.750_vem_0.525,0.750,0.525,100,438.0,194.5,40000.0,76.16582782009684
vei_0.750_vem_0.600,0.750,0.600,100,438.0,194.0,40000.0,76.32030773770757
vei_0.750_vem_0.675,0.750,0.675,100,438.0,192.5,40000.0,76.43101386489178
vei_0.750_vem_0.750,0.750,0.750,100,438.0,192.0,40000.0,76.55943075060223
vei_0.750_vem_0.825,0.750,0.825,100,438.0,191.0,40000.0,76.61092405647247
vei_0.750_vem_0.900,0.750,0.900,100,438.0,190.0,40000.0,76.7245818388437
vei_0.825_vem_0.000,0.825,0.000,100,431.0,192.5,40000.0,76.61809258609003
vei_0.825_vem_0.075,0.825,0.075,100,431.0,192.5,40000.0,76.80941597696773
vei_0.825_vem_0.150,0.825,0.150,100,431.0,192.0,40000.0,76.86843611836755
vei_0.825_vem_0.225,0.825,0.225,100,431.0,191.5,40000.0,76.86936801533705
vei_0.825_vem_0.300,0.825,0.300,100,431.0,190.0,40000.0,77.05890997508399
vei_0.825_vem_0.375,0.825,0.375,100,431.0,189.0,40000.0,77.06384115505523
vei_0.825_vem_0.450,0.825,0.450,100,431.0,188.5,40000.0,77.18849989646165
vei_0.825_vem_0.525,0.825,0.525,100,431.0,187.5,40000.0,77.29170653630021
vei_0.825_vem_0.600,0.825,0.600,100,431.0,187.0,40000.0,77.31295487627365
vei_0.825_vem_0.675,0.825,0.675,100,431.0,187.0,40000.0,77.38702895034773
vei_0.825_vem_0.750,0.825,0.750,100,431.0,186.5,40000.0,77.4598091541323
vei_0.825_vem_0.825,0.825,0.825,100,431.0,186.0,40000.0,77.53258935791686
vei_0.825_vem_0.900,0.825,0.900,100,431.0,185.5,40000.0,77.60031186884652
vei_0.900_vem_0.000,0.900,0.000,100,409.0,183.0,40000.0,78.02056365975785
vei_0.900_vem_0.075,0.900,0.075,100,409.0,182.0,40000.0,78.02056365975785
vei_0.900_vem_0.150,0.900,0.150,100,409.0,182.0,40000.0,78.11269195354501
vei_0.900_vem_0.225,0.900,0.225,100,409.0,182.0,40000.0,78.11269195354501
vei_0.900_vem_0.300,0.900,0.300,100,409.0,181.5,40000.0,78.1229155086159
vei_0.900_vem_0.375,0.900,0.375,100,409.0,181.0,40000.0,78.1229155086159
vei_0.900_vem_0.450,0.900,0.450,100,409.0,180.5,40000.0,78.19752119924969
vei_0.900_vem_0.525,0.900,0.525,100,409.0,180.5,40000.0,78.23906235171302
vei_0.900_vem_0.600,0.900,0.600,100,409.0,180.5,40000.0,78.23906235171302
vei_0.900_vem_0.675,0.900,0.675,100,409.0,180.0,40000.0,78.36101357122521
vei_0.900_vem_0.750,0.900,0.750,100,409.0,179.0,40000.0,78.53160292303312
vei_0.900_vem_0.825,0.900,0.825,100,409.0,178.5,40000.0,78.56759075507179
vei_0.900_vem_0.900,0.900,0.900,100,409.0,178.5,40000.0,78.65593762680783
base_no_vax,,,100,,813.5,,0.0
