analysis,x,y,median_mortality_reduction_pct
fig3_operations,0.0,0.0,-78.67329583786048
fig3_operations,0.1,0.0,-55.406734867241205
fig3_operations,0.2,0.0,-39.9507894923175
fig3_operations,0.3,0.0,-18.233356347307634
fig3_operations,0.4,0.0,-1.1639865279066184
fig3_operations,0.5,0.0,5.699905943638523
fig3_operations,0.6,0.0,21.341829085457267
fig3_operations,0.7,0.0,31.46651080759608
fig3_operations,0.8,0.0,37.37486191524534
fig3_operations,0.9,0.0,46.826462937251065
fig3_operations,1.0,0.0,52.79710243774902
fig3_operations,0.0,0.1,-78.08000468000469
fig3_operations,0.1,0.1,-55.84949543853654
fig3_operations,0.2,0.1,-35.21699176821262
fig3_operations,0.3,0.1,-17.733906935813017
fig3_operations,0.4,0.1,2.6699082059047408
fig3_operations,0.5,0.1,16.394447238140753
fig3_operations,0.6,0.1,28.378171452802185
fig3_operations,0.7,0.1,37.40693349203987
fig3_operations,0.8,0.1,46.45417427629784
fig3_operations,0.9,0.1,54.94912769171529
fig3_operations,1.0,0.1,61.4652225282792
fig3_operations,0.0,0.2,-72.89862002165779
fig3_operations,0.1,0.2,-48.10671256454389
fig3_operations,0.2,0.2,-30.30666610138353
fig3_operations,0.3,0.2,-9.135579528528737
fig3_operations,0.4,0.2,9.572111754341808
fig3_operations,0.5,0.2,26.165845252105225
fig3_operations,0.6,0.2,38.6600455632897
fig3_operations,0.7,0.2,49.24616059675296
fig3_operations,0.8,0.2,57.723891072431215
fig3_operations,0.9,0.2,64.42862849813923
fig3_operations,1.0,0.2,70.11048359805385
fig3_operations,0.0,0.3,-77.5464909821512
fig3_operations,0.1,0.3,-55.56553580526371
fig3_operations,0.2,0.3,-25.874781806143538
fig3_operations,0.3,0.3,0.0
fig3_operations,0.4,0.3,20.82888588439004
fig3_operations,0.5,0.3,33.44486562348342
fig3_operations,0.6,0.3,49.370000000000005
fig3_operations,0.7,0.3,58.26416612722773
fig3_operations,0.8,0.3,64.89541160593792
fig3_operations,0.9,0.3,71.74630392657231
fig3_operations,1.0,0.3,75.90935460375245
fig3_operations,0.0,0.4,-75.42416822071561
fig3_operations,0.1,0.4,-49.76541876491437
fig3_operations,0.2,0.4,-17.165463521319843
fig3_operations,0.3,0.4,9.262082867597183
fig3_operations,0.4,0.4,27.372164451860236
fig3_operations,0.5,0.4,45.010384693986154
fig3_operations,0.6,0.4,55.6609894566099
fig3_operations,0.7,0.4,65.06202613451869
fig3_operations,0.8,0.4,71.43440220087493
fig3_operations,0.9,0.4,76.36465598862902
fig3_operations,1.0,0.4,79.47644801241069
fig3_operations,0.0,0.5,-78.09868184375836
fig3_operations,0.1,0.5,-42.197619062001436
fig3_operations,0.2,0.5,-9.792980976134587
fig3_operations,0.3,0.5,15.938512069440257
fig3_operations,0.4,0.5,36.145331377080154
fig3_operations,0.5,0.5,48.68972424644845
fig3_operations,0.6,0.5,62.197601086355775
fig3_operations,0.7,0.5,69.5508957173162
fig3_operations,0.8,0.5,75.42003574198334
fig3_operations,0.9,0.5,79.22713697634998
fig3_operations,1.0,0.5,82.25818695464939
fig3_operations,0.0,0.6,-77.36778398739779
fig3_operations,0.1,0.6,-42.02816343222192
fig3_operations,0.2,0.6,-4.61201520212294
fig3_operations,0.3,0.6,21.19586215152884
fig3_operations,0.4,0.6,41.25265613003792
fig3_operations,0.5,0.6,54.5992515251881
fig3_operations,0.6,0.6,65.62722680737835
fig3_operations,0.7,0.6,72.14543636791343
fig3_operations,0.8,0.6,77.23475121519878
fig3_operations,0.9,0.6,80.95821661998133
fig3_operations,1.0,0.6,84.01428496911257
fig3_operations,0.0,0.7,-75.87981248562005
fig3_operations,0.1,0.7,-40.81671906048333
fig3_operations,0.2,0.7,-4.224171558065235
fig3_operations,0.3,0.7,26.884876731976092
fig3_operations,0.4,0.7,44.90513082746092
fig3_operations,0.5,0.7,56.44675170226658
fig3_operations,0.6,0.7,67.66328269373845
fig3_operations,0.7,0.7,73.92174052731238
fig3_operations,0.8,0.7,80.0611843113922
fig3_operations,0.9,0.7,82.98267488656643
fig3_operations,1.0,0.7,85.23779056342364
fig3_operations,0.0,0.8,-78.23789618587159
fig3_operations,0.1,0.8,-32.39412568306011
fig3_operations,0.2,0.8,-0.17888106753296704
fig3_operations,0.3,0.8,29.92905524806345
fig3_operations,0.4,0.8,47.837000399145744
fig3_operations,0.5,0.8,60.87468667955676
fig3_operations,0.6,0.8,68.79715743287217
fig3_operations,0.7,0.8,76.3042446635597
fig3_operations,0.8,0.8,80.68395411023599
fig3_operations,0.9,0.8,83.82896141561096
fig3_operations,1.0,0.8,86.08730518248265
fig3_operations,0.0,0.9,-74.9606175173283
fig3_operations,0.1,0.9,-35.17784212459752
fig3_operations,0.2,0.9,1.105807265971537
fig3_operations,0.3,0.9,29.94861398933569
fig3_operations,0.4,0.9,50.23065100977355
fig3_operations,0.5,0.9,62.13736390044095
fig3_operations,0.6,0.9,71.1977186311787
fig3_operations,0.7,0.9,77.6887701355779
fig3_operations,0.8,0.9,82.20491074165311
fig3_operations,0.9,0.9,84.95344784665173
fig3_operations,1.0,0.9,87.05837615137708
fig3_operations,0.0,1.0,-73.86764194187683
fig3_operations,0.1,1.0,-35.51414337186864
fig3_operations,0.2,1.0,6.281024216941538
fig3_operations,0.3,1.0,31.644783944201947
fig3_operations,0.4,1.0,50.97762314094692
fig3_operations,0.5,1.0,64.04070758569287
fig3_operations,0.6,1.0,72.14334724740618
fig3_operations,0.7,1.0,78.27825929938606
fig3_operations,0.8,1.0,82.28122424596548
fig3_operations,0.9,1.0,85.3361349856331
fig3_operations,1.0,1.0,87.30197971400717
fig3_community_ve,0.0,0.0,0.0
fig3_community_ve,0.1,0.0,0.0
fig3_community_ve,0.2,0.0,0.0
fig3_community_ve,0.3,0.0,0.0
fig3_community_ve,0.4,0.0,0.0
fig3_community_ve,0.5,0.0,0.0
fig3_community_ve,0.6,0.0,0.0
fig3_community_ve,0.7,0.0,0.0
fig3_community_ve,0.8,0.0,0.0
fig3_community_ve,0.0,0.15,0.0
fig3_community_ve,0.1,0.15,10.482886652922648
fig3_community_ve,0.2,0.15,21.340361174221933
fig3_community_ve,0.3,0.15,28.626563977944738
fig3_community_ve,0.4,0.15,39.31687242798353
fig3_community_ve,0.5,0.15,45.762607198820525
fig3_community_ve,0.6,0.15,52.164541925370756
fig3_community_ve,0.7,0.15,56.819582775156775
fig3_community_ve,0.8,0.15,62.94182861614712
fig3_community_ve,0.0,0.3,0.0
fig3_community_ve,0.1,0.3,19.719335385393762
fig3_community_ve,0.2,0.3,33.33556581826478
fig3_community_ve,0.3,0.3,46.136751290437985
fig3_community_ve,0.4,0.3,58.63684065175366
fig3_community_ve,0.5,0.3,65.05298041202296
fig3_community_ve,0.6,0.3,71.87052783745693
fig3_community_ve,0.7,0.3,77.51119990189167
fig3_community_ve,0.8,0.3,79.94140397865058
fig3_community_ve,0.0,0.45,0.0
fig3_community_ve,0.1,0.45,25.757333732674425
fig3_community_ve,0.2,0.45,43.849550014140036
fig3_community_ve,0.3,0.45,56.770068194769024
fig3_community_ve,0.4,0.45,68.95840248781425
fig3_community_ve,0.5,0.45,75.19827874203077
fig3_community_ve,0.6,0.45,80.09849928263127
fig3_community_ve,0.7,0.45,84.6312205761098
fig3_community_ve,0.8,0.45,87.66100290095318
fig3_community_ve,0.0,0.6,0.0
fig3_community_ve,0.1,0.6,30.98309957740767
fig3_community_ve,0.2,0.6,49.534973911490425
fig3_community_ve,0.3,0.6,65.09758691206544
fig3_community_ve,0.4,0.6,73.81245359430181
fig3_community_ve,0.5,0.6,80.75224154943876
fig3_community_ve,0.6,0.6,85.0160332236513
fig3_community_ve,0.7,0.6,88.22641948119468
fig3_community_ve,0.8,0.6,90.45612491256571
fig3_community_ve,0.0,0.75,0.0
fig3_community_ve,0.1,0.75,33.47756467801632
fig3_community_ve,0.2,0.75,54.2805485586342
fig3_community_ve,0.3,0.75,67.88155527881555
fig3_community_ve,0.4,0.75,77.02842103871028
fig3_community_ve,0.5,0.75,82.93810741195136
fig3_community_ve,0.6,0.75,86.9087347922709
fig3_community_ve,0.7,0.75,89.76303072060439
fig3_community_ve,0.8,0.75,91.78230935163349
fig3_community_ve,0.0,0.9,0.0
fig3_community_ve,0.1,0.9,34.398488794699894
fig3_community_ve,0.2,0.9,55.39925097893227
fig3_community_ve,0.3,0.9,69.64939730034996
fig3_community_ve,0.4,0.9,78.95418696335618
fig3_community_ve,0.5,0.9,84.20444761165504
fig3_community_ve,0.6,0.9,88.28972380037393
fig3_community_ve,0.7,0.9,90.4989612436421
fig3_community_ve,0.8,0.9,92.8303137533109
fig3_risk_compensation,1.0,0.0,0.0
fig3_risk_compensation,1.25,0.0,-169.13986226733414
fig3_risk_compensation,1.5,0.0,-660.1179896844081
fig3_risk_compensation,1.75,0.0,-2307.7950242617853
fig3_risk_compensation,2.0,0.0,-3938.318293508183
fig3_risk_compensation,2.25,0.0,-3883.2449702131603
fig3_risk_compensation,2.5,0.0,-4145.668782213506
fig3_risk_compensation,1.0,0.15,39.30443087073242
fig3_risk_compensation,1.25,0.15,-41.78810515826573
fig3_risk_compensation,1.5,0.15,-204.13537245923612
fig3_risk_compensation,1.75,0.15,-750.5481354139117
fig3_risk_compensation,2.0,0.15,-1876.7313748888935
fig3_risk_compensation,2.25,0.15,-3553.4752384168423
fig3_risk_compensation,2.5,0.15,-3502.3204685099845
fig3_risk_compensation,1.0,0.3,58.085666703646275
fig3_risk_compensation,1.25,0.3,29.756859733140566
fig3_risk_compensation,1.5,0.3,-28.735652630652915
fig3_risk_compensation,1.75,0.3,-179.60090846366145
fig3_risk_compensation,2.0,0.3,-506.6612312018938
fig3_risk_compensation,2.25,0.3,-1338.0672432951917
fig3_risk_compensation,2.5,0.3,-2635.3894667118648
fig3_risk_compensation,1.0,0.45,68.5159450476132
fig3_risk_compensation,1.25,0.45,57.017873905921604
fig3_risk_compensation,1.5,0.45,30.863600259946566
fig3_risk_compensation,1.75,0.45,-14.347107067377504
fig3_risk_compensation,2.0,0.45,-107.04022397360727
fig3_risk_compensation,2.25,0.45,-253.5366931918656
fig3_risk_compensation,2.5,0.45,-639.5828244957157
fig3_risk_compensation,1.0,0.6,73.85679219718624
fig3_risk_compensation,1.25,0.6,68.65929614570484
fig3_risk_compensation,1.5,0.6,54.701481314384544
fig3_risk_compensation,1.75,0.6,38.621182813269954
fig3_risk_compensation,2.0,0.6,8.415754981121632
fig3_risk_compensation,2.25,0.6,-40.229216436287956
fig3_risk_compensation,2.5,0.6,-112.77266382900186
fig3_risk_compensation,1.0,0.75,78.5137462172805
fig3_risk_compensation,1.25,0.75,74.7515417041331
fig3_risk_compensation,1.5,0.75,66.11281246739802
fig3_risk_compensation,1.75,0.75,57.04537636426181
fig3_risk_compensation,2.0,0.75,48.35586489462975
fig3_risk_compensation,2.25,0.75,32.10235181384754
fig3_risk_compensation,2.5,0.75,11.20234362105958
fig3_risk_compensation,1.0,0.9,79.2820324005891
fig3_risk_compensation,1.25,0.9,75.4902433893859
fig3_risk_compensation,1.5,0.9,72.22437168444276
fig3_risk_compensation,1.75,0.9,68.23314186796757
fig3_risk_compensation,2.0,0.9,59.27429389075526
fig3_risk_compensation,2.25,0.9,53.721322537112016
fig3_risk_compensation,2.5,0.9,41.85185185185185
