strategy,replicate_id,simulation_seed,extinct_before_day90,extinction_time,total_deaths,total_infected,total_vaccines
no_vax_base_ops,2,2026073002,0,nan,683,1495,0
no_vax_enh_ops,2,2026073002,0,nan,92,225,0
comm_base_40,2,2026073002,0,nan,211,501,40000
comm_base_60,2,2026073002,0,nan,105,284,60000
no_vax_base_ops,1,2026073001,0,nan,838,1896,0
no_vax_enh_ops,1,2026073001,0,nan,132,305,0
comm_base_40,1,2026073001,0,nan,262,638,40000
comm_base_60,1,2026073001,0,nan,130,359,60000
no_vax_base_ops,7,2026073007,0,nan,688,1511,0
no_vax_enh_ops,7,2026073007,1,83.62386345911217,94,205,0
comm_base_40,7,2026073007,0,nan,215,512,40000
comm_base_60,7,2026073007,0,nan,153,392,60000
no_vax_base_ops,4,2026073004,0,nan,689,1529,0
no_vax_enh_ops,4,2026073004,0,nan,109,264,0
comm_base_40,4,2026073004,0,nan,177,442,40000
comm_base_60,4,2026073004,0,nan,129,336,60000
no_vax_base_ops,0,2026073000,0,nan,798,1729,0
no_vax_enh_ops,0,2026073000,0,nan,159,335,0
comm_base_40,0,2026073000,0,nan,226,537,40000
comm_base_60,0,2026073000,0,nan,157,390,60000
no_vax_base_ops,5,2026073005,0,nan,735,1541,0
no_vax_enh_ops,5,2026073005,0,nan,121,256,0
comm_base_40,5,2026073005,0,nan,238,522,40000
comm_base_60,5,2026073005,0,nan,199,435,60000
no_vax_base_ops,3,2026073003,0,nan,828,1811,0
no_vax_enh_ops,3,2026073003,0,nan,159,361,0
comm_base_40,3,2026073003,0,nan,329,757,40000
comm_base_60,3,2026073003,0,nan,156,413,60000
no_vax_base_ops,6,2026073006,0,nan,686,1669,0
no_vax_enh_ops,6,2026073006,0,nan,140,335,0
comm_base_40,6,2026073006,0,nan,195,530,40000
comm_base_60,6,2026073006,0,nan,132,346,60000
no_vax_base_ops,10,2026073010,0,nan,785,1696,0
no_vax_enh_ops,10,2026073010,0,nan,174,371,0
comm_base_40,10,2026073010,0,nan,278,677,40000
comm_base_60,10,2026073010,0,nan,130,300,60000
no_vax_base_ops,11,2026073011,0,nan,1003,2249,0
no_vax_enh_ops,11,2026073011,0,nan,103,235,0
comm_base_40,11,2026073011,0,nan,276,638,40000
comm_base_60,11,2026073011,0,nan,137,352,60000
no_vax_base_ops,12,2026073012,0,nan,1075,2382,0
no_vax_enh_ops,12,2026073012,0,nan,141,341,0
comm_base_40,12,2026073012,0,nan,340,841,40000
comm_base_60,12,2026073012,0,nan,177,518,60000
no_vax_base_ops,8,2026073008,0,nan,959,2071,0
no_vax_enh_ops,8,2026073008,0,nan,206,417,0
comm_base_40,8,2026073008,0,nan,322,693,40000
comm_base_60,8,2026073008,0,nan,217,515,60000
no_vax_base_ops,15,2026073015,0,nan,827,1771,0
no_vax_enh_ops,15,2026073015,0,nan,176,364,0
comm_base_40,15,2026073015,0,nan,329,728,40000
comm_base_60,15,2026073015,0,nan,192,426,60000
no_vax_base_ops,9,2026073009,0,nan,822,1829,0
no_vax_enh_ops,9,2026073009,0,nan,136,312,0
comm_base_40,9,2026073009,0,nan,232,559,40000
comm_base_60,9,2026073009,0,nan,131,350,60000
no_vax_base_ops,13,2026073013,0,nan,700,1539,0
no_vax_enh_ops,13,2026073013,0,nan,134,298,0
comm_base_40,13,2026073013,0,nan,288,681,40000
comm_base_60,13,2026073013,0,nan,211,519,60000
no_vax_base_ops,14,2026073014,0,nan,1057,2275,0
no_vax_enh_ops,14,2026073014,0,nan,163,349,0
comm_base_40,14,2026073014,0,nan,311,735,40000
comm_base_60,14,2026073014,0,nan,178,439,60000
no_vax_base_ops,16,2026073016,0,nan,757,1663,0
no_vax_enh_ops,16,2026073016,0,nan,141,322,0
comm_base_40,16,2026073016,0,nan,278,650,40000
comm_base_60,16,2026073016,0,nan,163,404,60000
no_vax_base_ops,19,2026073019,0,nan,801,1758,0
no_vax_enh_ops,19,2026073019,0,nan,160,355,0
comm_base_40,19,2026073019,0,nan,197,488,40000
comm_base_60,19,2026073019,0,nan,150,366,60000
no_vax_base_ops,17,2026073017,0,nan,897,1977,0
no_vax_enh_ops,17,2026073017,0,nan,139,281,0
comm_base_40,17,2026073017,0,nan,257,621,40000
comm_base_60,17,2026073017,0,nan,191,455,60000
no_vax_base_ops,18,2026073018,0,nan,822,1723,0
no_vax_enh_ops,18,2026073018,0,nan,146,277,0
comm_base_40,18,2026073018,0,nan,281,592,40000
comm_base_60,18,2026073018,0,nan,152,341,60000
no_vax_base_ops,20,2026073020,0,nan,782,1714,0
no_vax_enh_ops,20,2026073020,0,nan,117,255,0
comm_base_40,20,2026073020,0,nan,225,527,40000
comm_base_60,20,2026073020,0,nan,195,466,60000
no_vax_base_ops,21,2026073021,0,nan,1031,2285,0
no_vax_enh_ops,21,2026073021,0,nan,116,242,0
comm_base_40,21,2026073021,0,nan,352,793,40000
comm_base_60,21,2026073021,0,nan,191,467,60000
no_vax_base_ops,22,2026073022,0,nan,879,1945,0
no_vax_enh_ops,22,2026073022,0,nan,178,377,0
comm_base_40,22,2026073022,0,nan,234,540,40000
comm_base_60,22,2026073022,0,nan,200,491,60000
no_vax_base_ops,23,2026073023,0,nan,657,1400,0
no_vax_enh_ops,23,2026073023,0,nan,84,179,0
comm_base_40,23,2026073023,0,nan,211,508,40000
comm_base_60,23,2026073023,0,nan,126,299,60000
no_vax_base_ops,25,2026073025,0,nan,1000,2197,0
no_vax_enh_ops,25,2026073025,1,83.41333543537384,123,269,0
comm_base_40,25,2026073025,0,nan,269,644,40000
comm_base_60,25,2026073025,0,nan,168,424,60000
no_vax_base_ops,24,2026073024,0,nan,979,2140,0
no_vax_enh_ops,24,2026073024,0,nan,111,243,0
comm_base_40,24,2026073024,0,nan,373,811,40000
comm_base_60,24,2026073024,0,nan,171,431,60000
no_vax_base_ops,26,2026073026,0,nan,727,1523,0
no_vax_enh_ops,26,2026073026,0,nan,160,335,0
comm_base_40,26,2026073026,0,nan,274,612,40000
comm_base_60,26,2026073026,0,nan,193,457,60000
no_vax_base_ops,27,2026073027,0,nan,824,1814,0
no_vax_enh_ops,27,2026073027,0,nan,147,340,0
comm_base_40,27,2026073027,0,nan,399,917,40000
comm_base_60,27,2026073027,0,nan,170,416,60000
no_vax_base_ops,28,2026073028,0,nan,917,2046,0
no_vax_enh_ops,28,2026073028,1,89.57234341969892,152,310,0
comm_base_40,28,2026073028,0,nan,330,780,40000
comm_base_60,28,2026073028,0,nan,214,510,60000
no_vax_base_ops,29,2026073029,0,nan,740,1681,0
no_vax_enh_ops,29,2026073029,0,nan,158,346,0
comm_base_40,29,2026073029,0,nan,290,709,40000
comm_base_60,29,2026073029,0,nan,193,462,60000
no_vax_base_ops,30,2026073030,0,nan,883,1950,0
no_vax_enh_ops,30,2026073030,0,nan,195,412,0
comm_base_40,30,2026073030,0,nan,231,537,40000
comm_base_60,30,2026073030,0,nan,162,394,60000
no_vax_base_ops,31,2026073031,0,nan,980,2205,0
no_vax_enh_ops,31,2026073031,0,nan,158,346,0
comm_base_40,31,2026073031,0,nan,274,648,40000
comm_base_60,31,2026073031,0,nan,178,441,60000
no_vax_base_ops,33,2026073033,0,nan,946,2035,0
no_vax_enh_ops,33,2026073033,0,nan,122,241,0
comm_base_40,33,2026073033,0,nan,341,796,40000
comm_base_60,33,2026073033,0,nan,149,331,60000
no_vax_base_ops,32,2026073032,0,nan,744,1624,0
no_vax_enh_ops,32,2026073032,0,nan,157,316,0
comm_base_40,32,2026073032,0,nan,264,628,40000
comm_base_60,32,2026073032,0,nan,149,359,60000
no_vax_base_ops,35,2026073035,0,nan,1220,2667,0
no_vax_enh_ops,35,2026073035,0,nan,129,277,0
comm_base_40,35,2026073035,0,nan,308,760,40000
comm_base_60,35,2026073035,0,nan,209,540,60000
no_vax_base_ops,34,2026073034,0,nan,1189,2548,0
no_vax_enh_ops,34,2026073034,0,nan,186,371,0
comm_base_40,34,2026073034,0,nan,286,659,40000
comm_base_60,34,2026073034,0,nan,174,385,60000
no_vax_base_ops,36,2026073036,0,nan,1142,2527,0
no_vax_enh_ops,36,2026073036,0,nan,125,319,0
comm_base_40,36,2026073036,0,nan,262,658,40000
comm_base_60,36,2026073036,0,nan,164,455,60000
no_vax_base_ops,37,2026073037,0,nan,766,1689,0
no_vax_enh_ops,37,2026073037,0,nan,189,377,0
comm_base_40,37,2026073037,0,nan,250,594,40000
comm_base_60,37,2026073037,0,nan,218,517,60000
no_vax_base_ops,38,2026073038,0,nan,839,1843,0
no_vax_enh_ops,38,2026073038,0,nan,127,300,0
comm_base_40,38,2026073038,0,nan,241,617,40000
comm_base_60,38,2026073038,0,nan,133,377,60000
no_vax_base_ops,39,2026073039,0,nan,692,1479,0
no_vax_enh_ops,39,2026073039,0,nan,119,253,0
comm_base_40,39,2026073039,0,nan,196,452,40000
comm_base_60,39,2026073039,0,nan,159,378,60000
no_vax_base_ops,41,2026073041,0,nan,692,1552,0
no_vax_enh_ops,41,2026073041,0,nan,138,320,0
comm_base_40,41,2026073041,0,nan,235,570,40000
comm_base_60,41,2026073041,0,nan,157,410,60000
no_vax_base_ops,40,2026073040,0,nan,705,1571,0
no_vax_enh_ops,40,2026073040,0,nan,146,318,0
comm_base_40,40,2026073040,0,nan,258,620,40000
comm_base_60,40,2026073040,0,nan,173,427,60000
no_vax_base_ops,42,2026073042,0,nan,1000,2105,0
no_vax_enh_ops,42,2026073042,0,nan,162,334,0
comm_base_40,42,2026073042,0,nan,334,763,40000
comm_base_60,42,2026073042,0,nan,207,479,60000
no_vax_base_ops,43,2026073043,0,nan,798,1745,0
no_vax_enh_ops,43,2026073043,0,nan,154,320,0
comm_base_40,43,2026073043,0,nan,286,660,40000
comm_base_60,43,2026073043,0,nan,206,491,60000
no_vax_base_ops,44,2026073044,0,nan,1024,2234,0
no_vax_enh_ops,44,2026073044,0,nan,144,334,0
comm_base_40,44,2026073044,0,nan,255,609,40000
comm_base_60,44,2026073044,0,nan,163,438,60000
no_vax_base_ops,45,2026073045,0,nan,485,1127,0
no_vax_enh_ops,45,2026073045,0,nan,101,249,0
comm_base_40,45,2026073045,0,nan,243,609,40000
comm_base_60,45,2026073045,0,nan,152,380,60000
no_vax_base_ops,46,2026073046,0,nan,856,1929,0
no_vax_enh_ops,46,2026073046,1,72.55942359451598,139,321,0
comm_base_40,46,2026073046,0,nan,316,748,40000
comm_base_60,46,2026073046,0,nan,171,413,60000
no_vax_base_ops,49,2026073049,0,nan,967,2116,0
no_vax_enh_ops,49,2026073049,0,nan,165,369,0
comm_base_40,49,2026073049,0,nan,228,519,40000
comm_base_60,49,2026073049,0,nan,145,349,60000
no_vax_base_ops,47,2026073047,0,nan,994,2140,0
no_vax_enh_ops,47,2026073047,0,nan,135,295,0
comm_base_40,47,2026073047,0,nan,205,490,40000
comm_base_60,47,2026073047,0,nan,155,389,60000
no_vax_base_ops,48,2026073048,0,nan,1044,2282,0
no_vax_enh_ops,48,2026073048,0,nan,107,252,0
comm_base_40,48,2026073048,0,nan,266,684,40000
comm_base_60,48,2026073048,0,nan,151,413,60000
no_vax_base_ops,50,2026073050,0,nan,768,1721,0
no_vax_enh_ops,50,2026073050,0,nan,158,363,0
comm_base_40,50,2026073050,0,nan,203,514,40000
comm_base_60,50,2026073050,0,nan,123,336,60000
no_vax_base_ops,51,2026073051,0,nan,919,2013,0
no_vax_enh_ops,51,2026073051,1,72.19134068184391,91,194,0
comm_base_40,51,2026073051,0,nan,206,471,40000
comm_base_60,51,2026073051,0,nan,125,297,60000
no_vax_base_ops,52,2026073052,0,nan,1143,2533,0
no_vax_enh_ops,52,2026073052,0,nan,147,319,0
comm_base_40,52,2026073052,0,nan,324,753,40000
comm_base_60,52,2026073052,0,nan,224,570,60000
no_vax_base_ops,53,2026073053,0,nan,855,1902,0
no_vax_enh_ops,53,2026073053,0,nan,165,349,0
comm_base_40,53,2026073053,0,nan,257,617,40000
comm_base_60,53,2026073053,0,nan,163,409,60000
no_vax_base_ops,54,2026073054,0,nan,1013,2244,0
no_vax_enh_ops,54,2026073054,0,nan,128,268,0
comm_base_40,54,2026073054,0,nan,259,604,40000
comm_base_60,54,2026073054,0,nan,193,438,60000
no_vax_base_ops,56,2026073056,0,nan,678,1469,0
no_vax_enh_ops,56,2026073056,0,nan,99,227,0
comm_base_40,56,2026073056,0,nan,258,621,40000
comm_base_60,56,2026073056,0,nan,115,312,60000
no_vax_base_ops,55,2026073055,0,nan,810,1773,0
no_vax_enh_ops,55,2026073055,0,nan,109,265,0
comm_base_40,55,2026073055,0,nan,218,523,40000
comm_base_60,55,2026073055,0,nan,160,422,60000
no_vax_base_ops,57,2026073057,0,nan,830,1874,0
no_vax_enh_ops,57,2026073057,0,nan,150,313,0
comm_base_40,57,2026073057,0,nan,295,738,40000
comm_base_60,57,2026073057,0,nan,187,444,60000
no_vax_base_ops,59,2026073059,0,nan,1011,2179,0
no_vax_enh_ops,59,2026073059,0,nan,169,359,0
comm_base_40,59,2026073059,0,nan,231,564,40000
comm_base_60,59,2026073059,0,nan,151,367,60000
no_vax_base_ops,58,2026073058,0,nan,734,1655,0
no_vax_enh_ops,58,2026073058,1,80.7828909592709,104,235,0
comm_base_40,58,2026073058,0,nan,232,538,40000
comm_base_60,58,2026073058,0,nan,116,308,60000
no_vax_base_ops,61,2026073061,0,nan,847,1837,0
no_vax_enh_ops,61,2026073061,0,nan,135,272,0
comm_base_40,61,2026073061,0,nan,299,676,40000
comm_base_60,61,2026073061,0,nan,168,430,60000
no_vax_base_ops,60,2026073060,0,nan,685,1494,0
no_vax_enh_ops,60,2026073060,1,85.2411963645142,139,313,0
comm_base_40,60,2026073060,0,nan,235,553,40000
comm_base_60,60,2026073060,0,nan,147,351,60000
no_vax_base_ops,62,2026073062,0,nan,842,1875,0
no_vax_enh_ops,62,2026073062,0,nan,107,249,0
comm_base_40,62,2026073062,0,nan,258,642,40000
comm_base_60,62,2026073062,0,nan,184,456,60000
no_vax_base_ops,63,2026073063,0,nan,1115,2476,0
no_vax_enh_ops,63,2026073063,1,85.29879659286705,173,367,0
comm_base_40,63,2026073063,0,nan,343,803,40000
comm_base_60,63,2026073063,0,nan,247,594,60000
no_vax_base_ops,67,2026073067,0,nan,645,1362,0
no_vax_enh_ops,67,2026073067,1,89.6941794481268,91,226,0
comm_base_40,67,2026073067,0,nan,241,557,40000
comm_base_60,67,2026073067,0,nan,113,303,60000
no_vax_base_ops,64,2026073064,0,nan,873,1943,0
no_vax_enh_ops,64,2026073064,0,nan,123,299,0
comm_base_40,64,2026073064,0,nan,289,713,40000
comm_base_60,64,2026073064,0,nan,170,464,60000
no_vax_base_ops,65,2026073065,0,nan,729,1637,0
no_vax_enh_ops,65,2026073065,1,83.2796758904882,112,269,0
comm_base_40,65,2026073065,0,nan,212,550,40000
comm_base_60,65,2026073065,0,nan,142,368,60000
no_vax_base_ops,66,2026073066,0,nan,904,2074,0
no_vax_enh_ops,66,2026073066,0,nan,175,364,0
comm_base_40,66,2026073066,0,nan,295,658,40000
comm_base_60,66,2026073066,0,nan,157,369,60000
no_vax_base_ops,68,2026073068,0,nan,668,1511,0
no_vax_enh_ops,68,2026073068,0,nan,145,313,0
comm_base_40,68,2026073068,0,nan,273,637,40000
comm_base_60,68,2026073068,0,nan,193,469,60000
no_vax_base_ops,69,2026073069,0,nan,1078,2389,0
no_vax_enh_ops,69,2026073069,0,nan,127,276,0
comm_base_40,69,2026073069,0,nan,365,888,40000
comm_base_60,69,2026073069,0,nan,169,429,60000
no_vax_base_ops,70,2026073070,0,nan,812,1825,0
no_vax_enh_ops,70,2026073070,0,nan,119,268,0
comm_base_40,70,2026073070,0,nan,286,689,40000
comm_base_60,70,2026073070,0,nan,222,595,60000
no_vax_base_ops,72,2026073072,0,nan,885,1913,0
no_vax_enh_ops,72,2026073072,1,88.04759462517869,166,400,0
comm_base_40,72,2026073072,0,nan,307,740,40000
comm_base_60,72,2026073072,0,nan,224,557,60000
no_vax_base_ops,73,2026073073,0,nan,905,2014,0
no_vax_enh_ops,73,2026073073,0,nan,161,356,0
comm_base_40,73,2026073073,0,nan,314,767,40000
comm_base_60,73,2026073073,0,nan,161,418,60000
no_vax_base_ops,74,2026073074,0,nan,947,2047,0
no_vax_enh_ops,74,2026073074,0,nan,123,297,0
comm_base_40,74,2026073074,0,nan,305,790,40000
comm_base_60,74,2026073074,0,nan,215,579,60000
no_vax_base_ops,71,2026073071,0,nan,780,1749,0
no_vax_enh_ops,71,2026073071,1,82.38855102542284,133,280,0
comm_base_40,71,2026073071,0,nan,381,900,40000
comm_base_60,71,2026073071,0,nan,183,438,60000
no_vax_base_ops,75,2026073075,0,nan,1078,2383,0
no_vax_enh_ops,75,2026073075,0,nan,111,259,0
comm_base_40,75,2026073075,0,nan,330,820,40000
comm_base_60,75,2026073075,0,nan,216,566,60000
no_vax_base_ops,77,2026073077,0,nan,833,1813,0
no_vax_enh_ops,77,2026073077,0,nan,114,242,0
comm_base_40,77,2026073077,0,nan,311,750,40000
comm_base_60,77,2026073077,0,nan,154,371,60000
no_vax_base_ops,76,2026073076,0,nan,877,1901,0
no_vax_enh_ops,76,2026073076,0,nan,116,244,0
comm_base_40,76,2026073076,0,nan,253,568,40000
comm_base_60,76,2026073076,0,nan,190,437,60000
no_vax_base_ops,79,2026073079,0,nan,801,1702,0
no_vax_enh_ops,79,2026073079,0,nan,148,334,0
comm_base_40,79,2026073079,0,nan,269,622,40000
comm_base_60,79,2026073079,0,nan,134,339,60000
no_vax_base_ops,81,2026073081,0,nan,840,1838,0
no_vax_enh_ops,81,2026073081,1,86.37178121990107,121,273,0
comm_base_40,81,2026073081,0,nan,220,546,40000
comm_base_60,81,2026073081,0,nan,191,521,60000
no_vax_base_ops,80,2026073080,0,nan,643,1352,0
no_vax_enh_ops,80,2026073080,0,nan,112,234,0
comm_base_40,80,2026073080,0,nan,178,420,40000
comm_base_60,80,2026073080,0,nan,122,279,60000
no_vax_base_ops,78,2026073078,0,nan,905,1984,0
no_vax_enh_ops,78,2026073078,0,nan,139,307,0
comm_base_40,78,2026073078,0,nan,303,699,40000
comm_base_60,78,2026073078,0,nan,141,353,60000
no_vax_base_ops,82,2026073082,0,nan,570,1256,0
no_vax_enh_ops,82,2026073082,0,nan,133,294,0
comm_base_40,82,2026073082,0,nan,223,553,40000
comm_base_60,82,2026073082,0,nan,127,329,60000
no_vax_base_ops,83,2026073083,0,nan,1003,2196,0
no_vax_enh_ops,83,2026073083,0,nan,107,257,0
comm_base_40,83,2026073083,0,nan,234,596,40000
comm_base_60,83,2026073083,0,nan,144,384,60000
no_vax_base_ops,85,2026073085,0,nan,614,1352,0
no_vax_enh_ops,85,2026073085,0,nan,151,324,0
comm_base_40,85,2026073085,0,nan,253,596,40000
comm_base_60,85,2026073085,0,nan,143,362,60000
no_vax_base_ops,84,2026073084,0,nan,335,747,0
no_vax_enh_ops,84,2026073084,0,nan,130,269,0
comm_base_40,84,2026073084,0,nan,180,397,40000
comm_base_60,84,2026073084,0,nan,117,275,60000
no_vax_base_ops,88,2026073088,0,nan,670,1563,0
no_vax_enh_ops,88,2026073088,0,nan,154,370,0
comm_base_40,88,2026073088,0,nan,172,444,40000
comm_base_60,88,2026073088,0,nan,86,251,60000
no_vax_base_ops,87,2026073087,0,nan,1065,2388,0
no_vax_enh_ops,87,2026073087,1,82.02860064215844,111,256,0
comm_base_40,87,2026073087,0,nan,246,585,40000
comm_base_60,87,2026073087,0,nan,136,367,60000
no_vax_base_ops,86,2026073086,0,nan,897,1997,0
no_vax_enh_ops,86,2026073086,0,nan,155,315,0
comm_base_40,86,2026073086,0,nan,253,610,40000
comm_base_60,86,2026073086,0,nan,226,548,60000
no_vax_base_ops,89,2026073089,0,nan,912,2087,0
no_vax_enh_ops,89,2026073089,0,nan,79,210,0
comm_base_40,89,2026073089,0,nan,260,666,40000
comm_base_60,89,2026073089,0,nan,133,367,60000
no_vax_base_ops,91,2026073091,0,nan,811,1739,0
no_vax_enh_ops,91,2026073091,0,nan,145,332,0
comm_base_40,91,2026073091,0,nan,283,655,40000
comm_base_60,91,2026073091,0,nan,170,423,60000
no_vax_base_ops,93,2026073093,0,nan,815,1887,0
no_vax_enh_ops,93,2026073093,0,nan,146,316,0
comm_base_40,93,2026073093,0,nan,283,669,40000
comm_base_60,93,2026073093,0,nan,155,368,60000
no_vax_base_ops,92,2026073092,0,nan,1101,2408,0
no_vax_enh_ops,92,2026073092,0,nan,110,249,0
comm_base_40,92,2026073092,0,nan,287,669,40000
comm_base_60,92,2026073092,0,nan,189,492,60000
no_vax_base_ops,90,2026073090,0,nan,804,1700,0
no_vax_enh_ops,90,2026073090,0,nan,154,352,0
comm_base_40,90,2026073090,0,nan,182,432,40000
comm_base_60,90,2026073090,0,nan,144,383,60000
no_vax_base_ops,96,2026073096,0,nan,880,1978,0
no_vax_enh_ops,96,2026073096,0,nan,108,222,0
comm_base_40,96,2026073096,0,nan,313,705,40000
comm_base_60,96,2026073096,0,nan,185,419,60000
no_vax_base_ops,94,2026073094,0,nan,780,1681,0
no_vax_enh_ops,94,2026073094,0,nan,214,460,0
comm_base_40,94,2026073094,0,nan,288,665,40000
comm_base_60,94,2026073094,0,nan,211,486,60000
no_vax_base_ops,98,2026073098,0,nan,937,2098,0
no_vax_enh_ops,98,2026073098,0,nan,145,308,0
comm_base_40,98,2026073098,0,nan,270,640,40000
comm_base_60,98,2026073098,0,nan,172,423,60000
no_vax_base_ops,95,2026073095,0,nan,663,1480,0
no_vax_enh_ops,95,2026073095,0,nan,180,394,0
comm_base_40,95,2026073095,0,nan,241,598,40000
comm_base_60,95,2026073095,0,nan,149,378,60000
no_vax_base_ops,99,2026073099,0,nan,631,1441,0
no_vax_enh_ops,99,2026073099,0,nan,108,258,0
comm_base_40,99,2026073099,0,nan,179,439,40000
comm_base_60,99,2026073099,0,nan,153,373,60000
no_vax_base_ops,97,2026073097,0,nan,757,1701,0
no_vax_enh_ops,97,2026073097,1,71.71845740378191,105,227,0
comm_base_40,97,2026073097,0,nan,207,472,40000
comm_base_60,97,2026073097,0,nan,164,398,60000
no_vax_base_ops,101,2026073101,0,nan,1104,2403,0
no_vax_enh_ops,101,2026073101,0,nan,160,316,0
comm_base_40,101,2026073101,0,nan,348,770,40000
comm_base_60,101,2026073101,0,nan,203,474,60000
no_vax_base_ops,100,2026073100,0,nan,916,2009,0
no_vax_enh_ops,100,2026073100,0,nan,133,296,0
comm_base_40,100,2026073100,0,nan,434,1067,40000
comm_base_60,100,2026073100,0,nan,206,541,60000
no_vax_base_ops,103,2026073103,0,nan,928,1961,0
no_vax_enh_ops,103,2026073103,0,nan,144,322,0
comm_base_40,103,2026073103,0,nan,265,634,40000
comm_base_60,103,2026073103,0,nan,149,384,60000
no_vax_base_ops,102,2026073102,0,nan,817,1771,0
no_vax_enh_ops,102,2026073102,0,nan,123,270,0
comm_base_40,102,2026073102,0,nan,222,539,40000
comm_base_60,102,2026073102,0,nan,147,365,60000
no_vax_base_ops,105,2026073105,0,nan,941,1993,0
no_vax_enh_ops,105,2026073105,0,nan,118,291,0
comm_base_40,105,2026073105,0,nan,249,568,40000
comm_base_60,105,2026073105,0,nan,196,485,60000
no_vax_base_ops,107,2026073107,0,nan,725,1621,0
no_vax_enh_ops,107,2026073107,0,nan,119,266,0
comm_base_40,107,2026073107,0,nan,165,390,40000
comm_base_60,107,2026073107,0,nan,136,344,60000
no_vax_base_ops,104,2026073104,0,nan,840,1952,0
no_vax_enh_ops,104,2026073104,0,nan,104,231,0
comm_base_40,104,2026073104,0,nan,309,777,40000
comm_base_60,104,2026073104,0,nan,174,465,60000
no_vax_base_ops,106,2026073106,0,nan,537,1219,0
no_vax_enh_ops,106,2026073106,0,nan,155,318,0
comm_base_40,106,2026073106,0,nan,161,369,40000
comm_base_60,106,2026073106,0,nan,135,300,60000
no_vax_base_ops,108,2026073108,0,nan,895,2029,0
no_vax_enh_ops,108,2026073108,0,nan,135,327,0
comm_base_40,108,2026073108,0,nan,174,468,40000
comm_base_60,108,2026073108,0,nan,126,353,60000
no_vax_base_ops,109,2026073109,0,nan,882,1954,0
no_vax_enh_ops,109,2026073109,0,nan,206,455,0
comm_base_40,109,2026073109,0,nan,282,676,40000
comm_base_60,109,2026073109,0,nan,170,407,60000
no_vax_base_ops,110,2026073110,0,nan,571,1385,0
no_vax_enh_ops,110,2026073110,1,87.13564012835768,78,199,0
comm_base_40,110,2026073110,0,nan,166,485,40000
comm_base_60,110,2026073110,0,nan,130,387,60000
no_vax_base_ops,111,2026073111,0,nan,758,1626,0
no_vax_enh_ops,111,2026073111,1,88.5970602763998,160,335,0
comm_base_40,111,2026073111,0,nan,347,750,40000
comm_base_60,111,2026073111,0,nan,178,416,60000
no_vax_base_ops,113,2026073113,0,nan,998,2274,0
no_vax_enh_ops,113,2026073113,0,nan,140,294,0
comm_base_40,113,2026073113,0,nan,369,894,40000
comm_base_60,113,2026073113,0,nan,144,354,60000
no_vax_base_ops,114,2026073114,0,nan,661,1444,0
no_vax_enh_ops,114,2026073114,1,81.70268913841224,134,298,0
comm_base_40,114,2026073114,0,nan,295,703,40000
comm_base_60,114,2026073114,0,nan,210,498,60000
no_vax_base_ops,115,2026073115,0,nan,832,1757,0
no_vax_enh_ops,115,2026073115,0,nan,130,258,0
comm_base_40,115,2026073115,0,nan,360,785,40000
comm_base_60,115,2026073115,0,nan,209,467,60000
no_vax_base_ops,112,2026073112,0,nan,1078,2359,0
no_vax_enh_ops,112,2026073112,1,88.7313084492713,165,361,0
comm_base_40,112,2026073112,0,nan,270,649,40000
comm_base_60,112,2026073112,0,nan,229,558,60000
no_vax_base_ops,117,2026073117,0,nan,812,1899,0
no_vax_enh_ops,117,2026073117,0,nan,142,321,0
comm_base_40,117,2026073117,0,nan,238,603,40000
comm_base_60,117,2026073117,0,nan,127,330,60000
no_vax_base_ops,116,2026073116,0,nan,882,1996,0
no_vax_enh_ops,116,2026073116,0,nan,149,326,0
comm_base_40,116,2026073116,0,nan,321,759,40000
comm_base_60,116,2026073116,0,nan,203,514,60000
no_vax_base_ops,120,2026073120,0,nan,533,1235,0
no_vax_enh_ops,120,2026073120,0,nan,76,194,0
comm_base_40,120,2026073120,0,nan,139,365,40000
comm_base_60,120,2026073120,0,nan,114,305,60000
no_vax_base_ops,118,2026073118,0,nan,513,1143,0
no_vax_enh_ops,118,2026073118,0,nan,122,281,0
comm_base_40,118,2026073118,0,nan,183,442,40000
comm_base_60,118,2026073118,0,nan,122,308,60000
no_vax_base_ops,121,2026073121,0,nan,737,1649,0
no_vax_enh_ops,121,2026073121,0,nan,144,315,0
comm_base_40,121,2026073121,0,nan,183,421,40000
comm_base_60,121,2026073121,0,nan,112,280,60000
no_vax_base_ops,119,2026073119,0,nan,693,1518,0
no_vax_enh_ops,119,2026073119,0,nan,139,294,0
comm_base_40,119,2026073119,0,nan,215,536,40000
comm_base_60,119,2026073119,0,nan,132,316,60000
no_vax_base_ops,123,2026073123,0,nan,841,1825,0
no_vax_enh_ops,123,2026073123,0,nan,202,451,0
comm_base_40,123,2026073123,0,nan,353,836,40000
comm_base_60,123,2026073123,0,nan,197,506,60000
no_vax_base_ops,122,2026073122,0,nan,1220,2714,0
no_vax_enh_ops,122,2026073122,0,nan,121,279,0
comm_base_40,122,2026073122,0,nan,294,704,40000
comm_base_60,122,2026073122,0,nan,202,496,60000
no_vax_base_ops,125,2026073125,0,nan,787,1691,0
no_vax_enh_ops,125,2026073125,0,nan,138,280,0
comm_base_40,125,2026073125,0,nan,286,633,40000
comm_base_60,125,2026073125,0,nan,246,578,60000
no_vax_base_ops,124,2026073124,0,nan,738,1595,0
no_vax_enh_ops,124,2026073124,0,nan,164,353,0
comm_base_40,124,2026073124,0,nan,261,606,40000
comm_base_60,124,2026073124,0,nan,134,316,60000
no_vax_base_ops,128,2026073128,0,nan,516,1124,0
no_vax_enh_ops,128,2026073128,1,83.59205548345608,118,299,0
comm_base_40,128,2026073128,0,nan,230,558,40000
comm_base_60,128,2026073128,0,nan,97,266,60000
no_vax_base_ops,129,2026073129,0,nan,1003,2204,0
no_vax_enh_ops,129,2026073129,0,nan,139,317,0
comm_base_40,129,2026073129,0,nan,322,776,40000
comm_base_60,129,2026073129,0,nan,229,566,60000
no_vax_base_ops,127,2026073127,0,nan,1059,2401,0
no_vax_enh_ops,127,2026073127,1,84.7480834804098,79,202,0
comm_base_40,127,2026073127,0,nan,252,613,40000
comm_base_60,127,2026073127,0,nan,130,337,60000
no_vax_base_ops,130,2026073130,0,nan,858,1949,0
no_vax_enh_ops,130,2026073130,0,nan,119,271,0
comm_base_40,130,2026073130,0,nan,298,749,40000
comm_base_60,130,2026073130,0,nan,177,441,60000
no_vax_base_ops,126,2026073126,0,nan,824,1798,0
no_vax_enh_ops,126,2026073126,1,85.31959370209988,97,205,0
comm_base_40,126,2026073126,0,nan,263,610,40000
comm_base_60,126,2026073126,0,nan,124,291,60000
no_vax_base_ops,132,2026073132,0,nan,743,1619,0
no_vax_enh_ops,132,2026073132,0,nan,140,281,0
comm_base_40,132,2026073132,0,nan,268,629,40000
comm_base_60,132,2026073132,0,nan,170,393,60000
no_vax_base_ops,131,2026073131,0,nan,607,1350,0
no_vax_enh_ops,131,2026073131,0,nan,154,333,0
comm_base_40,131,2026073131,0,nan,265,654,40000
comm_base_60,131,2026073131,0,nan,180,479,60000
no_vax_base_ops,133,2026073133,0,nan,790,1774,0
no_vax_enh_ops,133,2026073133,0,nan,118,265,0
comm_base_40,133,2026073133,0,nan,320,798,40000
comm_base_60,133,2026073133,0,nan,181,483,60000
no_vax_base_ops,134,2026073134,0,nan,692,1567,0
no_vax_enh_ops,134,2026073134,0,nan,82,200,0
comm_base_40,134,2026073134,0,nan,273,661,40000
comm_base_60,134,2026073134,0,nan,165,428,60000
no_vax_base_ops,135,2026073135,0,nan,699,1475,0
no_vax_enh_ops,135,2026073135,0,nan,145,304,0
comm_base_40,135,2026073135,0,nan,244,553,40000
comm_base_60,135,2026073135,0,nan,148,370,60000
no_vax_base_ops,138,2026073138,0,nan,557,1285,0
no_vax_enh_ops,138,2026073138,1,71.09024782843636,104,228,0
comm_base_40,138,2026073138,0,nan,184,412,40000
comm_base_60,138,2026073138,0,nan,162,397,60000
no_vax_base_ops,136,2026073136,0,nan,1021,2198,0
no_vax_enh_ops,136,2026073136,0,nan,126,253,0
comm_base_40,136,2026073136,0,nan,260,607,40000
comm_base_60,136,2026073136,0,nan,175,412,60000
no_vax_base_ops,137,2026073137,0,nan,784,1748,0
no_vax_enh_ops,137,2026073137,1,89.9764672730714,152,297,0
comm_base_40,137,2026073137,0,nan,355,818,40000
comm_base_60,137,2026073137,0,nan,204,496,60000
no_vax_base_ops,139,2026073139,0,nan,1011,2123,0
no_vax_enh_ops,139,2026073139,0,nan,105,229,0
comm_base_40,139,2026073139,0,nan,234,529,40000
comm_base_60,139,2026073139,0,nan,150,378,60000
no_vax_base_ops,140,2026073140,0,nan,775,1716,0
no_vax_enh_ops,140,2026073140,0,nan,103,261,0
comm_base_40,140,2026073140,0,nan,272,670,40000
comm_base_60,140,2026073140,0,nan,174,449,60000
no_vax_base_ops,141,2026073141,0,nan,797,1825,0
no_vax_enh_ops,141,2026073141,0,nan,113,274,0
comm_base_40,141,2026073141,0,nan,366,898,40000
comm_base_60,141,2026073141,0,nan,210,547,60000
no_vax_base_ops,144,2026073144,0,nan,682,1468,0
no_vax_enh_ops,144,2026073144,0,nan,110,232,0
comm_base_40,144,2026073144,0,nan,221,529,40000
comm_base_60,144,2026073144,0,nan,124,305,60000
no_vax_base_ops,142,2026073142,0,nan,725,1649,0
no_vax_enh_ops,142,2026073142,0,nan,144,320,0
comm_base_40,142,2026073142,0,nan,289,712,40000
comm_base_60,142,2026073142,0,nan,153,370,60000
no_vax_base_ops,143,2026073143,0,nan,996,2302,0
no_vax_enh_ops,143,2026073143,0,nan,130,289,0
comm_base_40,143,2026073143,0,nan,300,703,40000
comm_base_60,143,2026073143,0,nan,218,511,60000
no_vax_base_ops,145,2026073145,0,nan,781,1684,0
no_vax_enh_ops,145,2026073145,0,nan,129,286,0
comm_base_40,145,2026073145,0,nan,257,597,40000
comm_base_60,145,2026073145,0,nan,156,381,60000
no_vax_base_ops,146,2026073146,0,nan,528,1168,0
no_vax_enh_ops,146,2026073146,0,nan,159,365,0
comm_base_40,146,2026073146,0,nan,165,399,40000
comm_base_60,146,2026073146,0,nan,153,384,60000
no_vax_base_ops,147,2026073147,0,nan,462,1072,0
no_vax_enh_ops,147,2026073147,0,nan,155,337,0
comm_base_40,147,2026073147,0,nan,187,466,40000
comm_base_60,147,2026073147,0,nan,153,368,60000
no_vax_base_ops,149,2026073149,0,nan,1000,2169,0
no_vax_enh_ops,149,2026073149,1,78.516773444458,99,223,0
comm_base_40,149,2026073149,0,nan,280,659,40000
comm_base_60,149,2026073149,0,nan,108,290,60000
no_vax_base_ops,148,2026073148,0,nan,958,2123,0
no_vax_enh_ops,148,2026073148,0,nan,185,413,0
comm_base_40,148,2026073148,0,nan,318,773,40000
comm_base_60,148,2026073148,0,nan,179,451,60000
no_vax_base_ops,154,2026073154,0,nan,979,2178,0
no_vax_enh_ops,154,2026073154,0,nan,116,282,0
comm_base_40,154,2026073154,0,nan,209,554,40000
comm_base_60,154,2026073154,0,nan,131,351,60000
no_vax_base_ops,152,2026073152,0,nan,899,1979,0
no_vax_enh_ops,152,2026073152,0,nan,141,335,0
comm_base_40,152,2026073152,0,nan,190,480,40000
comm_base_60,152,2026073152,0,nan,122,324,60000
no_vax_base_ops,151,2026073151,0,nan,851,1917,0
no_vax_enh_ops,151,2026073151,0,nan,165,364,0
comm_base_40,151,2026073151,0,nan,350,821,40000
comm_base_60,151,2026073151,0,nan,214,552,60000
no_vax_base_ops,150,2026073150,0,nan,500,1144,0
no_vax_enh_ops,150,2026073150,0,nan,96,212,0
comm_base_40,150,2026073150,0,nan,189,427,40000
comm_base_60,150,2026073150,0,nan,144,343,60000
no_vax_base_ops,153,2026073153,0,nan,666,1482,0
no_vax_enh_ops,153,2026073153,0,nan,76,194,0
comm_base_40,153,2026073153,0,nan,196,463,40000
comm_base_60,153,2026073153,0,nan,105,292,60000
no_vax_base_ops,156,2026073156,0,nan,526,1158,0
no_vax_enh_ops,156,2026073156,0,nan,135,293,0
comm_base_40,156,2026073156,0,nan,186,423,40000
comm_base_60,156,2026073156,1,84.88756518481574,97,228,60000
no_vax_base_ops,155,2026073155,0,nan,825,1830,0
no_vax_enh_ops,155,2026073155,0,nan,120,240,0
comm_base_40,155,2026073155,0,nan,208,459,40000
comm_base_60,155,2026073155,0,nan,135,310,60000
no_vax_base_ops,157,2026073157,0,nan,836,1879,0
no_vax_enh_ops,157,2026073157,0,nan,148,303,0
comm_base_40,157,2026073157,0,nan,312,686,40000
comm_base_60,157,2026073157,0,nan,177,403,60000
no_vax_base_ops,158,2026073158,0,nan,545,1268,0
no_vax_enh_ops,158,2026073158,0,nan,94,251,0
comm_base_40,158,2026073158,0,nan,211,552,40000
comm_base_60,158,2026073158,0,nan,91,263,60000
no_vax_base_ops,162,2026073162,0,nan,890,1948,0
no_vax_enh_ops,162,2026073162,0,nan,155,329,0
comm_base_40,162,2026073162,0,nan,251,588,40000
comm_base_60,162,2026073162,0,nan,186,463,60000
no_vax_base_ops,159,2026073159,0,nan,971,2113,0
no_vax_enh_ops,159,2026073159,0,nan,176,368,0
comm_base_40,159,2026073159,0,nan,356,822,40000
comm_base_60,159,2026073159,0,nan,199,479,60000
no_vax_base_ops,161,2026073161,0,nan,817,1846,0
no_vax_enh_ops,161,2026073161,0,nan,123,288,0
comm_base_40,161,2026073161,0,nan,215,537,40000
comm_base_60,161,2026073161,0,nan,139,382,60000
no_vax_base_ops,160,2026073160,0,nan,749,1653,0
no_vax_enh_ops,160,2026073160,0,nan,93,205,0
comm_base_40,160,2026073160,0,nan,267,647,40000
comm_base_60,160,2026073160,0,nan,127,318,60000
no_vax_base_ops,163,2026073163,0,nan,974,2077,0
no_vax_enh_ops,163,2026073163,0,nan,127,294,0
comm_base_40,163,2026073163,0,nan,322,712,40000
comm_base_60,163,2026073163,0,nan,147,347,60000
no_vax_base_ops,164,2026073164,0,nan,1042,2290,0
no_vax_enh_ops,164,2026073164,1,76.20785892216058,136,278,0
comm_base_40,164,2026073164,0,nan,320,713,40000
comm_base_60,164,2026073164,0,nan,216,506,60000
no_vax_base_ops,167,2026073167,0,nan,1258,2723,0
no_vax_enh_ops,167,2026073167,0,nan,140,282,0
comm_base_40,167,2026073167,0,nan,396,902,40000
comm_base_60,167,2026073167,0,nan,255,619,60000
no_vax_base_ops,170,2026073170,0,nan,821,1863,0
no_vax_enh_ops,170,2026073170,0,nan,126,294,0
comm_base_40,170,2026073170,0,nan,267,687,40000
comm_base_60,170,2026073170,0,nan,160,424,60000
no_vax_base_ops,166,2026073166,0,nan,1103,2425,0
no_vax_enh_ops,166,2026073166,0,nan,197,439,0
comm_base_40,166,2026073166,0,nan,368,866,40000
comm_base_60,166,2026073166,0,nan,202,519,60000
no_vax_base_ops,168,2026073168,0,nan,823,1834,0
no_vax_enh_ops,168,2026073168,1,87.04887057021212,94,200,0
comm_base_40,168,2026073168,0,nan,320,745,40000
comm_base_60,168,2026073168,0,nan,158,387,60000
no_vax_base_ops,169,2026073169,0,nan,1250,2754,0
no_vax_enh_ops,169,2026073169,0,nan,122,278,0
comm_base_40,169,2026073169,0,nan,285,705,40000
comm_base_60,169,2026073169,0,nan,238,605,60000
no_vax_base_ops,165,2026073165,0,nan,799,1702,0
no_vax_enh_ops,165,2026073165,0,nan,234,450,0
comm_base_40,165,2026073165,0,nan,231,499,40000
comm_base_60,165,2026073165,0,nan,226,497,60000
no_vax_base_ops,171,2026073171,0,nan,995,2201,0
no_vax_enh_ops,171,2026073171,0,nan,122,285,0
comm_base_40,171,2026073171,0,nan,284,701,40000
comm_base_60,171,2026073171,0,nan,191,506,60000
no_vax_base_ops,172,2026073172,0,nan,964,2185,0
no_vax_enh_ops,172,2026073172,0,nan,111,251,0
comm_base_40,172,2026073172,0,nan,211,512,40000
comm_base_60,172,2026073172,0,nan,117,329,60000
no_vax_base_ops,173,2026073173,0,nan,835,1776,0
no_vax_enh_ops,173,2026073173,0,nan,166,356,0
comm_base_40,173,2026073173,0,nan,286,658,40000
comm_base_60,173,2026073173,0,nan,178,432,60000
no_vax_base_ops,175,2026073175,0,nan,1058,2329,0
no_vax_enh_ops,175,2026073175,1,85.30078500918938,132,291,0
comm_base_40,175,2026073175,0,nan,258,615,40000
comm_base_60,175,2026073175,0,nan,183,458,60000
no_vax_base_ops,178,2026073178,0,nan,661,1495,0
no_vax_enh_ops,178,2026073178,0,nan,123,282,0
comm_base_40,178,2026073178,0,nan,220,530,40000
comm_base_60,178,2026073178,0,nan,162,421,60000
no_vax_base_ops,174,2026073174,0,nan,1042,2297,0
no_vax_enh_ops,174,2026073174,0,nan,184,399,0
comm_base_40,174,2026073174,0,nan,332,787,40000
comm_base_60,174,2026073174,0,nan,189,439,60000
no_vax_base_ops,176,2026073176,0,nan,732,1690,0
no_vax_enh_ops,176,2026073176,0,nan,145,324,0
comm_base_40,176,2026073176,0,nan,256,619,40000
comm_base_60,176,2026073176,0,nan,164,411,60000
no_vax_base_ops,177,2026073177,0,nan,1239,2757,0
no_vax_enh_ops,177,2026073177,0,nan,99,261,0
comm_base_40,177,2026073177,0,nan,252,612,40000
comm_base_60,177,2026073177,0,nan,141,393,60000
no_vax_base_ops,182,2026073182,0,nan,528,1206,0
no_vax_enh_ops,182,2026073182,0,nan,121,256,0
comm_base_40,182,2026073182,0,nan,201,500,40000
comm_base_60,182,2026073182,0,nan,131,319,60000
no_vax_base_ops,179,2026073179,0,nan,830,1828,0
no_vax_enh_ops,179,2026073179,0,nan,115,271,0
comm_base_40,179,2026073179,0,nan,278,686,40000
comm_base_60,179,2026073179,0,nan,172,453,60000
no_vax_base_ops,180,2026073180,0,nan,798,1730,0
no_vax_enh_ops,180,2026073180,0,nan,139,295,0
comm_base_40,180,2026073180,0,nan,310,691,40000
comm_base_60,180,2026073180,0,nan,192,454,60000
no_vax_base_ops,181,2026073181,0,nan,812,1850,0
no_vax_enh_ops,181,2026073181,0,nan,120,281,0
comm_base_40,181,2026073181,0,nan,239,582,40000
comm_base_60,181,2026073181,0,nan,146,357,60000
no_vax_base_ops,183,2026073183,0,nan,922,2025,0
no_vax_enh_ops,183,2026073183,1,65.37445922663211,97,219,0
comm_base_40,183,2026073183,0,nan,240,563,40000
comm_base_60,183,2026073183,0,nan,137,350,60000
no_vax_base_ops,185,2026073185,0,nan,922,2012,0
no_vax_enh_ops,185,2026073185,0,nan,129,283,0
comm_base_40,185,2026073185,0,nan,304,689,40000
comm_base_60,185,2026073185,0,nan,231,536,60000
no_vax_base_ops,184,2026073184,0,nan,905,2027,0
no_vax_enh_ops,184,2026073184,0,nan,97,225,0
comm_base_40,184,2026073184,0,nan,261,644,40000
comm_base_60,184,2026073184,0,nan,135,366,60000
no_vax_base_ops,186,2026073186,0,nan,629,1361,0
no_vax_enh_ops,186,2026073186,0,nan,135,313,0
comm_base_40,186,2026073186,0,nan,192,451,40000
comm_base_60,186,2026073186,0,nan,117,293,60000
no_vax_base_ops,188,2026073188,0,nan,582,1254,0
no_vax_enh_ops,188,2026073188,1,80.15965232655384,119,215,0
comm_base_40,188,2026073188,0,nan,214,454,40000
comm_base_60,188,2026073188,0,nan,186,415,60000
no_vax_base_ops,190,2026073190,0,nan,910,2030,0
no_vax_enh_ops,190,2026073190,0,nan,135,257,0
comm_base_40,190,2026073190,0,nan,302,689,40000
comm_base_60,190,2026073190,0,nan,201,449,60000
no_vax_base_ops,187,2026073187,0,nan,660,1426,0
no_vax_enh_ops,187,2026073187,0,nan,138,311,0
comm_base_40,187,2026073187,0,nan,304,685,40000
comm_base_60,187,2026073187,0,nan,153,397,60000
no_vax_base_ops,191,2026073191,0,nan,1041,2259,0
no_vax_enh_ops,191,2026073191,0,nan,119,241,0
comm_base_40,191,2026073191,0,nan,350,854,40000
comm_base_60,191,2026073191,0,nan,153,359,60000
no_vax_base_ops,194,2026073194,0,nan,710,1608,0
no_vax_enh_ops,194,2026073194,0,nan,146,341,0
comm_base_40,194,2026073194,0,nan,250,658,40000
comm_base_60,194,2026073194,0,nan,158,428,60000
no_vax_base_ops,193,2026073193,0,nan,672,1462,0
no_vax_enh_ops,193,2026073193,0,nan,129,263,0
comm_base_40,193,2026073193,0,nan,273,634,40000
comm_base_60,193,2026073193,0,nan,160,370,60000
no_vax_base_ops,189,2026073189,0,nan,1215,2717,0
no_vax_enh_ops,189,2026073189,0,nan,183,401,0
comm_base_40,189,2026073189,0,nan,379,935,40000
comm_base_60,189,2026073189,0,nan,188,495,60000
no_vax_base_ops,192,2026073192,0,nan,917,2012,0
no_vax_enh_ops,192,2026073192,0,nan,131,285,0
comm_base_40,192,2026073192,0,nan,339,809,40000
comm_base_60,192,2026073192,0,nan,190,480,60000
no_vax_base_ops,195,2026073195,0,nan,990,2160,0
no_vax_enh_ops,195,2026073195,0,nan,157,351,0
comm_base_40,195,2026073195,0,nan,195,477,40000
comm_base_60,195,2026073195,0,nan,191,476,60000
no_vax_base_ops,198,2026073198,0,nan,847,1789,0
no_vax_enh_ops,198,2026073198,0,nan,131,273,0
comm_base_40,198,2026073198,0,nan,355,803,40000
comm_base_60,198,2026073198,0,nan,175,399,60000
no_vax_base_ops,196,2026073196,0,nan,1141,2550,0
no_vax_enh_ops,196,2026073196,0,nan,167,369,0
comm_base_40,196,2026073196,0,nan,315,767,40000
comm_base_60,196,2026073196,0,nan,178,428,60000
no_vax_base_ops,199,2026073199,0,nan,980,2104,0
no_vax_enh_ops,199,2026073199,0,nan,100,214,0
comm_base_40,199,2026073199,0,nan,234,573,40000
comm_base_60,199,2026073199,0,nan,134,338,60000
no_vax_base_ops,202,2026073202,0,nan,833,1745,0
no_vax_enh_ops,202,2026073202,0,nan,167,384,0
comm_base_40,202,2026073202,0,nan,270,624,40000
comm_base_60,202,2026073202,0,nan,129,334,60000
no_vax_base_ops,201,2026073201,0,nan,992,2140,0
no_vax_enh_ops,201,2026073201,0,nan,163,362,0
comm_base_40,201,2026073201,0,nan,343,768,40000
comm_base_60,201,2026073201,0,nan,176,453,60000
no_vax_base_ops,197,2026073197,0,nan,1038,2285,0
no_vax_enh_ops,197,2026073197,0,nan,175,372,0
comm_base_40,197,2026073197,0,nan,341,779,40000
comm_base_60,197,2026073197,0,nan,189,434,60000
no_vax_base_ops,200,2026073200,0,nan,1119,2423,0
no_vax_enh_ops,200,2026073200,0,nan,199,423,0
comm_base_40,200,2026073200,0,nan,328,779,40000
comm_base_60,200,2026073200,0,nan,243,572,60000
no_vax_base_ops,203,2026073203,0,nan,852,1964,0
no_vax_enh_ops,203,2026073203,0,nan,112,260,0
comm_base_40,203,2026073203,0,nan,256,628,40000
comm_base_60,203,2026073203,0,nan,140,372,60000
no_vax_base_ops,205,2026073205,0,nan,606,1378,0
no_vax_enh_ops,205,2026073205,0,nan,115,276,0
comm_base_40,205,2026073205,0,nan,241,603,40000
comm_base_60,205,2026073205,0,nan,140,348,60000
no_vax_base_ops,206,2026073206,0,nan,1008,2194,0
no_vax_enh_ops,206,2026073206,0,nan,159,362,0
comm_base_40,206,2026073206,0,nan,401,930,40000
comm_base_60,206,2026073206,0,nan,202,533,60000
no_vax_base_ops,207,2026073207,0,nan,840,1932,0
no_vax_enh_ops,207,2026073207,0,nan,158,366,0
comm_base_40,207,2026073207,0,nan,344,797,40000
comm_base_60,207,2026073207,0,nan,164,426,60000
no_vax_base_ops,204,2026073204,0,nan,947,2192,0
no_vax_enh_ops,204,2026073204,0,nan,76,169,0
comm_base_40,204,2026073204,0,nan,180,461,40000
comm_base_60,204,2026073204,0,nan,144,367,60000
no_vax_base_ops,208,2026073208,0,nan,1009,2240,0
no_vax_enh_ops,208,2026073208,0,nan,173,399,0
comm_base_40,208,2026073208,0,nan,355,868,40000
comm_base_60,208,2026073208,0,nan,193,490,60000
no_vax_base_ops,209,2026073209,0,nan,1215,2646,0
no_vax_enh_ops,209,2026073209,0,nan,166,351,0
comm_base_40,209,2026073209,0,nan,320,736,40000
comm_base_60,209,2026073209,0,nan,157,397,60000
no_vax_base_ops,210,2026073210,0,nan,593,1320,0
no_vax_enh_ops,210,2026073210,0,nan,133,310,0
comm_base_40,210,2026073210,0,nan,266,663,40000
comm_base_60,210,2026073210,0,nan,163,425,60000
no_vax_base_ops,211,2026073211,0,nan,749,1622,0
no_vax_enh_ops,211,2026073211,1,87.81092700196965,176,360,0
comm_base_40,211,2026073211,0,nan,315,732,40000
comm_base_60,211,2026073211,0,nan,207,477,60000
no_vax_base_ops,212,2026073212,0,nan,663,1445,0
no_vax_enh_ops,212,2026073212,0,nan,134,298,0
comm_base_40,212,2026073212,0,nan,247,619,40000
comm_base_60,212,2026073212,0,nan,155,382,60000
no_vax_base_ops,214,2026073214,0,nan,904,1964,0
no_vax_enh_ops,214,2026073214,0,nan,136,304,0
comm_base_40,214,2026073214,0,nan,346,835,40000
comm_base_60,214,2026073214,0,nan,168,400,60000
no_vax_base_ops,213,2026073213,0,nan,550,1234,0
no_vax_enh_ops,213,2026073213,0,nan,127,295,0
comm_base_40,213,2026073213,0,nan,246,611,40000
comm_base_60,213,2026073213,0,nan,180,490,60000
no_vax_base_ops,215,2026073215,0,nan,1375,2991,0
no_vax_enh_ops,215,2026073215,0,nan,151,330,0
comm_base_40,215,2026073215,0,nan,372,842,40000
comm_base_60,215,2026073215,0,nan,262,648,60000
no_vax_base_ops,217,2026073217,0,nan,977,2122,0
no_vax_enh_ops,217,2026073217,0,nan,112,234,0
comm_base_40,217,2026073217,0,nan,228,492,40000
comm_base_60,217,2026073217,0,nan,174,386,60000
no_vax_base_ops,218,2026073218,0,nan,647,1405,0
no_vax_enh_ops,218,2026073218,0,nan,122,269,0
comm_base_40,218,2026073218,0,nan,178,416,40000
comm_base_60,218,2026073218,0,nan,129,319,60000
no_vax_base_ops,216,2026073216,0,nan,923,1992,0
no_vax_enh_ops,216,2026073216,0,nan,104,235,0
comm_base_40,216,2026073216,0,nan,258,617,40000
comm_base_60,216,2026073216,0,nan,132,336,60000
no_vax_base_ops,219,2026073219,0,nan,924,2049,0
no_vax_enh_ops,219,2026073219,0,nan,117,279,0
comm_base_40,219,2026073219,0,nan,263,637,40000
comm_base_60,219,2026073219,0,nan,156,398,60000
no_vax_base_ops,220,2026073220,0,nan,1119,2476,0
no_vax_enh_ops,220,2026073220,1,78.64378195845278,151,328,0
comm_base_40,220,2026073220,0,nan,410,967,40000
comm_base_60,220,2026073220,0,nan,218,512,60000
no_vax_base_ops,221,2026073221,0,nan,699,1460,0
no_vax_enh_ops,221,2026073221,0,nan,130,290,0
comm_base_40,221,2026073221,0,nan,181,432,40000
comm_base_60,221,2026073221,0,nan,179,440,60000
no_vax_base_ops,222,2026073222,0,nan,929,2129,0
no_vax_enh_ops,222,2026073222,0,nan,159,346,0
comm_base_40,222,2026073222,0,nan,363,886,40000
comm_base_60,222,2026073222,0,nan,226,596,60000
no_vax_base_ops,224,2026073224,0,nan,746,1709,0
no_vax_enh_ops,224,2026073224,0,nan,158,342,0
comm_base_40,224,2026073224,0,nan,268,641,40000
comm_base_60,224,2026073224,0,nan,158,386,60000
no_vax_base_ops,225,2026073225,0,nan,756,1604,0
no_vax_enh_ops,225,2026073225,0,nan,90,227,0
comm_base_40,225,2026073225,0,nan,208,511,40000
comm_base_60,225,2026073225,0,nan,149,377,60000
no_vax_base_ops,226,2026073226,0,nan,695,1554,0
no_vax_enh_ops,226,2026073226,0,nan,122,297,0
comm_base_40,226,2026073226,0,nan,248,599,40000
comm_base_60,226,2026073226,0,nan,159,412,60000
no_vax_base_ops,223,2026073223,0,nan,1045,2387,0
no_vax_enh_ops,223,2026073223,0,nan,131,278,0
comm_base_40,223,2026073223,0,nan,377,908,40000
comm_base_60,223,2026073223,0,nan,221,544,60000
no_vax_base_ops,227,2026073227,0,nan,981,2179,0
no_vax_enh_ops,227,2026073227,0,nan,142,289,0
comm_base_40,227,2026073227,0,nan,256,636,40000
comm_base_60,227,2026073227,0,nan,139,328,60000
no_vax_base_ops,228,2026073228,0,nan,652,1408,0
no_vax_enh_ops,228,2026073228,0,nan,149,317,0
comm_base_40,228,2026073228,0,nan,191,448,40000
comm_base_60,228,2026073228,0,nan,157,365,60000
no_vax_base_ops,229,2026073229,0,nan,663,1417,0
no_vax_enh_ops,229,2026073229,0,nan,129,295,0
comm_base_40,229,2026073229,0,nan,219,521,40000
comm_base_60,229,2026073229,0,nan,110,285,60000
no_vax_base_ops,230,2026073230,0,nan,846,1942,0
no_vax_enh_ops,230,2026073230,0,nan,145,357,0
comm_base_40,230,2026073230,0,nan,242,625,40000
comm_base_60,230,2026073230,0,nan,167,496,60000
no_vax_base_ops,231,2026073231,0,nan,833,1793,0
no_vax_enh_ops,231,2026073231,0,nan,163,349,0
comm_base_40,231,2026073231,0,nan,231,546,40000
comm_base_60,231,2026073231,0,nan,141,365,60000
no_vax_base_ops,232,2026073232,0,nan,618,1358,0
no_vax_enh_ops,232,2026073232,0,nan,141,283,0
comm_base_40,232,2026073232,0,nan,214,489,40000
comm_base_60,232,2026073232,0,nan,164,373,60000
no_vax_base_ops,234,2026073234,0,nan,612,1315,0
no_vax_enh_ops,234,2026073234,1,88.29236548125054,146,286,0
comm_base_40,234,2026073234,0,nan,197,427,40000
comm_base_60,234,2026073234,0,nan,154,328,60000
no_vax_base_ops,233,2026073233,0,nan,801,1709,0
no_vax_enh_ops,233,2026073233,0,nan,134,314,0
comm_base_40,233,2026073233,0,nan,297,670,40000
comm_base_60,233,2026073233,0,nan,165,395,60000
no_vax_base_ops,236,2026073236,0,nan,366,810,0
no_vax_enh_ops,236,2026073236,0,nan,106,251,0
comm_base_40,236,2026073236,0,nan,135,343,40000
comm_base_60,236,2026073236,0,nan,104,272,60000
no_vax_base_ops,235,2026073235,0,nan,825,1885,0
no_vax_enh_ops,235,2026073235,0,nan,138,317,0
comm_base_40,235,2026073235,0,nan,206,525,40000
comm_base_60,235,2026073235,0,nan,103,280,60000
no_vax_base_ops,237,2026073237,0,nan,484,1088,0
no_vax_enh_ops,237,2026073237,0,nan,154,324,0
comm_base_40,237,2026073237,0,nan,208,489,40000
comm_base_60,237,2026073237,0,nan,138,336,60000
no_vax_base_ops,239,2026073239,0,nan,701,1534,0
no_vax_enh_ops,239,2026073239,0,nan,158,357,0
comm_base_40,239,2026073239,0,nan,318,759,40000
comm_base_60,239,2026073239,0,nan,159,421,60000
no_vax_base_ops,241,2026073241,0,nan,575,1342,0
no_vax_enh_ops,241,2026073241,0,nan,85,187,0
comm_base_40,241,2026073241,0,nan,210,473,40000
comm_base_60,241,2026073241,0,nan,100,233,60000
no_vax_base_ops,240,2026073240,0,nan,907,1951,0
no_vax_enh_ops,240,2026073240,0,nan,174,352,0
comm_base_40,240,2026073240,0,nan,298,661,40000
comm_base_60,240,2026073240,0,nan,188,441,60000
no_vax_base_ops,238,2026073238,0,nan,1016,2200,0
no_vax_enh_ops,238,2026073238,0,nan,126,275,0
comm_base_40,238,2026073238,0,nan,391,904,40000
comm_base_60,238,2026073238,0,nan,182,438,60000
no_vax_base_ops,242,2026073242,0,nan,791,1750,0
no_vax_enh_ops,242,2026073242,0,nan,164,354,0
comm_base_40,242,2026073242,0,nan,247,550,40000
comm_base_60,242,2026073242,0,nan,160,392,60000
no_vax_base_ops,243,2026073243,0,nan,741,1600,0
no_vax_enh_ops,243,2026073243,0,nan,146,285,0
comm_base_40,243,2026073243,0,nan,258,572,40000
comm_base_60,243,2026073243,0,nan,163,349,60000
no_vax_base_ops,245,2026073245,0,nan,498,1156,0
no_vax_enh_ops,245,2026073245,0,nan,171,395,0
comm_base_40,245,2026073245,0,nan,178,442,40000
comm_base_60,245,2026073245,1,85.94372047992384,96,226,60000
no_vax_base_ops,244,2026073244,0,nan,901,2024,0
no_vax_enh_ops,244,2026073244,0,nan,205,477,0
comm_base_40,244,2026073244,0,nan,321,729,40000
comm_base_60,244,2026073244,0,nan,153,391,60000
no_vax_base_ops,246,2026073246,0,nan,586,1275,0
no_vax_enh_ops,246,2026073246,0,nan,104,251,0
comm_base_40,246,2026073246,0,nan,282,645,40000
comm_base_60,246,2026073246,0,nan,149,398,60000
no_vax_base_ops,247,2026073247,0,nan,565,1285,0
no_vax_enh_ops,247,2026073247,0,nan,102,231,0
comm_base_40,247,2026073247,0,nan,194,494,40000
comm_base_60,247,2026073247,0,nan,102,252,60000
no_vax_base_ops,249,2026073249,0,nan,833,1940,0
no_vax_enh_ops,249,2026073249,0,nan,144,318,0
comm_base_40,249,2026073249,0,nan,202,504,40000
comm_base_60,249,2026073249,0,nan,175,456,60000
no_vax_base_ops,248,2026073248,0,nan,827,1828,0
no_vax_enh_ops,248,2026073248,0,nan,142,326,0
comm_base_40,248,2026073248,0,nan,276,682,40000
comm_base_60,248,2026073248,0,nan,154,380,60000
no_vax_base_ops,250,2026073250,0,nan,684,1497,0
no_vax_enh_ops,250,2026073250,0,nan,101,247,0
comm_base_40,250,2026073250,0,nan,213,510,40000
comm_base_60,250,2026073250,0,nan,149,392,60000
no_vax_base_ops,253,2026073253,0,nan,736,1565,0
no_vax_enh_ops,253,2026073253,0,nan,164,375,0
comm_base_40,253,2026073253,0,nan,246,586,40000
comm_base_60,253,2026073253,0,nan,126,326,60000
no_vax_base_ops,252,2026073252,0,nan,740,1642,0
no_vax_enh_ops,252,2026073252,0,nan,143,316,0
comm_base_40,252,2026073252,0,nan,214,515,40000
comm_base_60,252,2026073252,0,nan,177,458,60000
no_vax_base_ops,251,2026073251,0,nan,1029,2175,0
no_vax_enh_ops,251,2026073251,0,nan,139,289,0
comm_base_40,251,2026073251,0,nan,247,572,40000
comm_base_60,251,2026073251,0,nan,154,373,60000
no_vax_base_ops,254,2026073254,0,nan,572,1238,0
no_vax_enh_ops,254,2026073254,0,nan,145,304,0
comm_base_40,254,2026073254,0,nan,220,529,40000
comm_base_60,254,2026073254,0,nan,179,438,60000
no_vax_base_ops,257,2026073257,0,nan,985,2280,0
no_vax_enh_ops,257,2026073257,0,nan,170,353,0
comm_base_40,257,2026073257,0,nan,237,555,40000
comm_base_60,257,2026073257,0,nan,157,357,60000
no_vax_base_ops,255,2026073255,0,nan,894,2001,0
no_vax_enh_ops,255,2026073255,0,nan,128,280,0
comm_base_40,255,2026073255,0,nan,283,679,40000
comm_base_60,255,2026073255,0,nan,165,422,60000
no_vax_base_ops,256,2026073256,0,nan,807,1713,0
no_vax_enh_ops,256,2026073256,0,nan,119,226,0
comm_base_40,256,2026073256,0,nan,308,657,40000
comm_base_60,256,2026073256,0,nan,165,375,60000
no_vax_base_ops,259,2026073259,0,nan,1048,2408,0
no_vax_enh_ops,259,2026073259,0,nan,113,300,0
comm_base_40,259,2026073259,0,nan,305,791,40000
comm_base_60,259,2026073259,0,nan,194,554,60000
no_vax_base_ops,258,2026073258,0,nan,712,1638,0
no_vax_enh_ops,258,2026073258,0,nan,110,276,0
comm_base_40,258,2026073258,0,nan,225,582,40000
comm_base_60,258,2026073258,0,nan,185,506,60000
no_vax_base_ops,261,2026073261,0,nan,558,1176,0
no_vax_enh_ops,261,2026073261,0,nan,118,268,0
comm_base_40,261,2026073261,0,nan,206,453,40000
comm_base_60,261,2026073261,0,nan,130,310,60000
no_vax_base_ops,260,2026073260,0,nan,855,1890,0
no_vax_enh_ops,260,2026073260,0,nan,170,395,0
comm_base_40,260,2026073260,0,nan,270,658,40000
comm_base_60,260,2026073260,0,nan,144,369,60000
no_vax_base_ops,262,2026073262,0,nan,865,1849,0
no_vax_enh_ops,262,2026073262,0,nan,133,296,0
comm_base_40,262,2026073262,0,nan,231,545,40000
comm_base_60,262,2026073262,0,nan,191,456,60000
no_vax_base_ops,264,2026073264,0,nan,876,1960,0
no_vax_enh_ops,264,2026073264,0,nan,88,209,0
comm_base_40,264,2026073264,0,nan,277,645,40000
comm_base_60,264,2026073264,0,nan,152,389,60000
no_vax_base_ops,263,2026073263,0,nan,1264,2807,0
no_vax_enh_ops,263,2026073263,0,nan,136,292,0
comm_base_40,263,2026073263,0,nan,324,769,40000
comm_base_60,263,2026073263,0,nan,208,497,60000
no_vax_base_ops,265,2026073265,0,nan,758,1664,0
no_vax_enh_ops,265,2026073265,0,nan,112,241,0
comm_base_40,265,2026073265,0,nan,252,562,40000
comm_base_60,265,2026073265,0,nan,137,322,60000
no_vax_base_ops,266,2026073266,0,nan,926,2022,0
no_vax_enh_ops,266,2026073266,0,nan,143,316,0
comm_base_40,266,2026073266,0,nan,363,809,40000
comm_base_60,266,2026073266,0,nan,238,601,60000
no_vax_base_ops,267,2026073267,0,nan,1083,2329,0
no_vax_enh_ops,267,2026073267,0,nan,142,316,0
comm_base_40,267,2026073267,0,nan,243,559,40000
comm_base_60,267,2026073267,0,nan,173,420,60000
no_vax_base_ops,268,2026073268,0,nan,738,1649,0
no_vax_enh_ops,268,2026073268,1,63.549872783937346,53,133,0
comm_base_40,268,2026073268,0,nan,196,492,40000
comm_base_60,268,2026073268,0,nan,125,350,60000
no_vax_base_ops,269,2026073269,0,nan,900,1981,0
no_vax_enh_ops,269,2026073269,0,nan,103,254,0
comm_base_40,269,2026073269,0,nan,272,669,40000
comm_base_60,269,2026073269,0,nan,148,418,60000
no_vax_base_ops,273,2026073273,0,nan,622,1389,0
no_vax_enh_ops,273,2026073273,0,nan,114,272,0
comm_base_40,273,2026073273,0,nan,203,490,40000
comm_base_60,273,2026073273,0,nan,139,346,60000
no_vax_base_ops,272,2026073272,0,nan,485,1022,0
no_vax_enh_ops,272,2026073272,0,nan,93,205,0
comm_base_40,272,2026073272,0,nan,225,508,40000
comm_base_60,272,2026073272,0,nan,97,228,60000
no_vax_base_ops,270,2026073270,0,nan,562,1251,0
no_vax_enh_ops,270,2026073270,1,87.06423196408073,76,199,0
comm_base_40,270,2026073270,0,nan,193,479,40000
comm_base_60,270,2026073270,0,nan,118,336,60000
no_vax_base_ops,271,2026073271,0,nan,670,1416,0
no_vax_enh_ops,271,2026073271,0,nan,123,261,0
comm_base_40,271,2026073271,0,nan,259,594,40000
comm_base_60,271,2026073271,0,nan,181,456,60000
no_vax_base_ops,275,2026073275,0,nan,649,1453,0
no_vax_enh_ops,275,2026073275,1,78.68197624100218,105,234,0
comm_base_40,275,2026073275,0,nan,217,556,40000
comm_base_60,275,2026073275,0,nan,144,388,60000
no_vax_base_ops,277,2026073277,0,nan,877,1934,0
no_vax_enh_ops,277,2026073277,0,nan,175,371,0
comm_base_40,277,2026073277,0,nan,423,982,40000
comm_base_60,277,2026073277,0,nan,231,557,60000
no_vax_base_ops,274,2026073274,0,nan,1184,2475,0
no_vax_enh_ops,274,2026073274,0,nan,155,334,0
comm_base_40,274,2026073274,0,nan,297,686,40000
comm_base_60,274,2026073274,0,nan,200,515,60000
no_vax_base_ops,276,2026073276,0,nan,911,1995,0
no_vax_enh_ops,276,2026073276,0,nan,159,323,0
comm_base_40,276,2026073276,0,nan,259,611,40000
comm_base_60,276,2026073276,0,nan,185,434,60000
no_vax_base_ops,278,2026073278,0,nan,577,1278,0
no_vax_enh_ops,278,2026073278,1,83.71888050229508,112,233,0
comm_base_40,278,2026073278,0,nan,228,487,40000
comm_base_60,278,2026073278,0,nan,128,302,60000
no_vax_base_ops,279,2026073279,0,nan,704,1568,0
no_vax_enh_ops,279,2026073279,0,nan,152,359,0
comm_base_40,279,2026073279,0,nan,313,761,40000
comm_base_60,279,2026073279,0,nan,158,406,60000
no_vax_base_ops,280,2026073280,0,nan,876,1919,0
no_vax_enh_ops,280,2026073280,0,nan,129,253,0
comm_base_40,280,2026073280,0,nan,245,536,40000
comm_base_60,280,2026073280,0,nan,173,391,60000
no_vax_base_ops,281,2026073281,0,nan,721,1648,0
no_vax_enh_ops,281,2026073281,0,nan,106,241,0
comm_base_40,281,2026073281,0,nan,239,582,40000
comm_base_60,281,2026073281,0,nan,180,450,60000
no_vax_base_ops,282,2026073282,0,nan,580,1339,0
no_vax_enh_ops,282,2026073282,0,nan,74,182,0
comm_base_40,282,2026073282,0,nan,257,631,40000
comm_base_60,282,2026073282,0,nan,160,398,60000
no_vax_base_ops,283,2026073283,0,nan,816,1789,0
no_vax_enh_ops,283,2026073283,0,nan,102,230,0
comm_base_40,283,2026073283,0,nan,223,520,40000
comm_base_60,283,2026073283,0,nan,111,275,60000
no_vax_base_ops,285,2026073285,0,nan,793,1766,0
no_vax_enh_ops,285,2026073285,0,nan,84,215,0
comm_base_40,285,2026073285,0,nan,270,658,40000
comm_base_60,285,2026073285,0,nan,133,361,60000
no_vax_base_ops,284,2026073284,0,nan,862,1872,0
no_vax_enh_ops,284,2026073284,0,nan,114,226,0
comm_base_40,284,2026073284,0,nan,256,585,40000
comm_base_60,284,2026073284,0,nan,140,321,60000
no_vax_base_ops,286,2026073286,0,nan,841,1868,0
no_vax_enh_ops,286,2026073286,0,nan,136,329,0
comm_base_40,286,2026073286,0,nan,244,593,40000
comm_base_60,286,2026073286,0,nan,120,338,60000
no_vax_base_ops,287,2026073287,0,nan,695,1498,0
no_vax_enh_ops,287,2026073287,0,nan,120,250,0
comm_base_40,287,2026073287,0,nan,190,428,40000
comm_base_60,287,2026073287,0,nan,110,260,60000
no_vax_base_ops,288,2026073288,0,nan,786,1699,0
no_vax_enh_ops,288,2026073288,0,nan,112,237,0
comm_base_40,288,2026073288,0,nan,265,629,40000
comm_base_60,288,2026073288,0,nan,197,512,60000
no_vax_base_ops,289,2026073289,0,nan,1058,2320,0
no_vax_enh_ops,289,2026073289,0,nan,151,302,0
comm_base_40,289,2026073289,0,nan,327,723,40000
comm_base_60,289,2026073289,0,nan,168,382,60000
no_vax_base_ops,291,2026073291,0,nan,723,1540,0
no_vax_enh_ops,291,2026073291,1,78.5660193546104,114,250,0
comm_base_40,291,2026073291,0,nan,233,536,40000
comm_base_60,291,2026073291,0,nan,149,362,60000
no_vax_base_ops,290,2026073290,0,nan,983,2139,0
no_vax_enh_ops,290,2026073290,1,88.15715840971035,181,434,0
comm_base_40,290,2026073290,0,nan,251,603,40000
comm_base_60,290,2026073290,0,nan,201,529,60000
no_vax_base_ops,293,2026073293,0,nan,798,1782,0
no_vax_enh_ops,293,2026073293,0,nan,130,305,0
comm_base_40,293,2026073293,0,nan,264,634,40000
comm_base_60,293,2026073293,0,nan,178,477,60000
no_vax_base_ops,294,2026073294,0,nan,1006,2260,0
no_vax_enh_ops,294,2026073294,0,nan,108,255,0
comm_base_40,294,2026073294,0,nan,248,587,40000
comm_base_60,294,2026073294,0,nan,149,385,60000
no_vax_base_ops,292,2026073292,0,nan,814,1779,0
no_vax_enh_ops,292,2026073292,0,nan,151,366,0
comm_base_40,292,2026073292,0,nan,208,528,40000
comm_base_60,292,2026073292,0,nan,132,371,60000
no_vax_base_ops,295,2026073295,0,nan,857,1910,0
no_vax_enh_ops,295,2026073295,0,nan,151,349,0
comm_base_40,295,2026073295,0,nan,220,553,40000
comm_base_60,295,2026073295,0,nan,194,523,60000
no_vax_base_ops,296,2026073296,0,nan,926,2014,0
no_vax_enh_ops,296,2026073296,0,nan,166,323,0
comm_base_40,296,2026073296,0,nan,354,843,40000
comm_base_60,296,2026073296,0,nan,204,504,60000
no_vax_base_ops,297,2026073297,0,nan,730,1564,0
no_vax_enh_ops,297,2026073297,0,nan,132,277,0
comm_base_40,297,2026073297,0,nan,245,555,40000
comm_base_60,297,2026073297,0,nan,163,391,60000
no_vax_base_ops,298,2026073298,0,nan,892,1974,0
no_vax_enh_ops,298,2026073298,0,nan,143,284,0
comm_base_40,298,2026073298,0,nan,236,547,40000
comm_base_60,298,2026073298,0,nan,164,383,60000
no_vax_base_ops,299,2026073299,0,nan,671,1452,0
no_vax_enh_ops,299,2026073299,0,nan,114,245,0
comm_base_40,299,2026073299,0,nan,188,435,40000
comm_base_60,299,2026073299,0,nan,110,280,60000
no_vax_base_ops,300,2026073300,0,nan,1087,2373,0
no_vax_enh_ops,300,2026073300,0,nan,165,337,0
comm_base_40,300,2026073300,0,nan,336,777,40000
comm_base_60,300,2026073300,0,nan,244,602,60000
no_vax_base_ops,302,2026073302,0,nan,697,1577,0
no_vax_enh_ops,302,2026073302,0,nan,84,213,0
comm_base_40,302,2026073302,0,nan,170,427,40000
comm_base_60,302,2026073302,0,nan,90,249,60000
no_vax_base_ops,301,2026073301,0,nan,705,1511,0
no_vax_enh_ops,301,2026073301,0,nan,117,256,0
comm_base_40,301,2026073301,0,nan,318,700,40000
comm_base_60,301,2026073301,0,nan,207,472,60000
no_vax_base_ops,303,2026073303,0,nan,670,1471,0
no_vax_enh_ops,303,2026073303,0,nan,131,281,0
comm_base_40,303,2026073303,0,nan,211,492,40000
comm_base_60,303,2026073303,0,nan,137,339,60000
no_vax_base_ops,305,2026073305,0,nan,1144,2582,0
no_vax_enh_ops,305,2026073305,0,nan,98,247,0
comm_base_40,305,2026073305,0,nan,329,788,40000
comm_base_60,305,2026073305,0,nan,193,517,60000
no_vax_base_ops,308,2026073308,0,nan,887,1877,0
no_vax_enh_ops,308,2026073308,0,nan,117,233,0
comm_base_40,308,2026073308,0,nan,222,484,40000
comm_base_60,308,2026073308,0,nan,176,371,60000
no_vax_base_ops,304,2026073304,0,nan,903,2009,0
no_vax_enh_ops,304,2026073304,0,nan,116,239,0
comm_base_40,304,2026073304,0,nan,302,727,40000
comm_base_60,304,2026073304,0,nan,171,460,60000
no_vax_base_ops,306,2026073306,0,nan,688,1485,0
no_vax_enh_ops,306,2026073306,0,nan,103,240,0
comm_base_40,306,2026073306,0,nan,270,612,40000
comm_base_60,306,2026073306,0,nan,133,338,60000
no_vax_base_ops,309,2026073309,0,nan,500,1158,0
no_vax_enh_ops,309,2026073309,1,88.9351300019922,95,241,0
comm_base_40,309,2026073309,0,nan,257,690,40000
comm_base_60,309,2026073309,0,nan,97,268,60000
no_vax_base_ops,307,2026073307,0,nan,919,2079,0
no_vax_enh_ops,307,2026073307,0,nan,135,307,0
comm_base_40,307,2026073307,0,nan,304,713,40000
comm_base_60,307,2026073307,0,nan,113,297,60000
no_vax_base_ops,310,2026073310,0,nan,1003,2331,0
no_vax_enh_ops,310,2026073310,1,85.91032687656559,142,303,0
comm_base_40,310,2026073310,0,nan,378,889,40000
comm_base_60,310,2026073310,0,nan,210,555,60000
no_vax_base_ops,311,2026073311,0,nan,532,1177,0
no_vax_enh_ops,311,2026073311,0,nan,152,318,0
comm_base_40,311,2026073311,0,nan,273,599,40000
comm_base_60,311,2026073311,0,nan,183,432,60000
no_vax_base_ops,312,2026073312,0,nan,733,1566,0
no_vax_enh_ops,312,2026073312,0,nan,105,239,0
comm_base_40,312,2026073312,0,nan,187,441,40000
comm_base_60,312,2026073312,0,nan,113,272,60000
no_vax_base_ops,313,2026073313,0,nan,602,1309,0
no_vax_enh_ops,313,2026073313,0,nan,105,210,0
comm_base_40,313,2026073313,0,nan,206,488,40000
comm_base_60,313,2026073313,0,nan,136,328,60000
no_vax_base_ops,314,2026073314,0,nan,681,1481,0
no_vax_enh_ops,314,2026073314,1,88.95561498094666,104,236,0
comm_base_40,314,2026073314,0,nan,174,427,40000
comm_base_60,314,2026073314,0,nan,144,376,60000
no_vax_base_ops,316,2026073316,0,nan,641,1407,0
no_vax_enh_ops,316,2026073316,1,66.7266063292792,109,240,0
comm_base_40,316,2026073316,0,nan,287,663,40000
comm_base_60,316,2026073316,0,nan,196,463,60000
no_vax_base_ops,315,2026073315,0,nan,735,1563,0
no_vax_enh_ops,315,2026073315,0,nan,108,230,0
comm_base_40,315,2026073315,0,nan,215,501,40000
comm_base_60,315,2026073315,0,nan,144,364,60000
no_vax_base_ops,317,2026073317,0,nan,808,1810,0
no_vax_enh_ops,317,2026073317,0,nan,97,225,0
comm_base_40,317,2026073317,0,nan,307,795,40000
comm_base_60,317,2026073317,0,nan,182,531,60000
no_vax_base_ops,318,2026073318,0,nan,915,1995,0
no_vax_enh_ops,318,2026073318,0,nan,143,274,0
comm_base_40,318,2026073318,0,nan,252,576,40000
comm_base_60,318,2026073318,0,nan,164,367,60000
no_vax_base_ops,319,2026073319,0,nan,930,1995,0
no_vax_enh_ops,319,2026073319,0,nan,159,346,0
comm_base_40,319,2026073319,0,nan,323,783,40000
comm_base_60,319,2026073319,0,nan,218,540,60000
no_vax_base_ops,320,2026073320,0,nan,868,1793,0
no_vax_enh_ops,320,2026073320,0,nan,157,324,0
comm_base_40,320,2026073320,0,nan,378,821,40000
comm_base_60,320,2026073320,0,nan,188,410,60000
no_vax_base_ops,322,2026073322,0,nan,772,1682,0
no_vax_enh_ops,322,2026073322,0,nan,111,239,0
comm_base_40,322,2026073322,0,nan,328,784,40000
comm_base_60,322,2026073322,0,nan,174,422,60000
no_vax_base_ops,323,2026073323,0,nan,892,1904,0
no_vax_enh_ops,323,2026073323,0,nan,96,228,0
comm_base_40,323,2026073323,0,nan,245,578,40000
comm_base_60,323,2026073323,0,nan,134,329,60000
no_vax_base_ops,321,2026073321,0,nan,831,1838,0
no_vax_enh_ops,321,2026073321,0,nan,111,254,0
comm_base_40,321,2026073321,0,nan,280,695,40000
comm_base_60,321,2026073321,0,nan,168,443,60000
no_vax_base_ops,324,2026073324,0,nan,777,1656,0
no_vax_enh_ops,324,2026073324,0,nan,127,296,0
comm_base_40,324,2026073324,0,nan,220,521,40000
comm_base_60,324,2026073324,0,nan,192,467,60000
no_vax_base_ops,325,2026073325,0,nan,765,1719,0
no_vax_enh_ops,325,2026073325,0,nan,154,370,0
comm_base_40,325,2026073325,0,nan,258,654,40000
comm_base_60,325,2026073325,0,nan,181,484,60000
no_vax_base_ops,326,2026073326,0,nan,724,1676,0
no_vax_enh_ops,326,2026073326,0,nan,140,304,0
comm_base_40,326,2026073326,0,nan,251,611,40000
comm_base_60,326,2026073326,0,nan,178,472,60000
no_vax_base_ops,327,2026073327,0,nan,1084,2492,0
no_vax_enh_ops,327,2026073327,0,nan,131,289,0
comm_base_40,327,2026073327,0,nan,328,812,40000
comm_base_60,327,2026073327,0,nan,259,688,60000
no_vax_base_ops,328,2026073328,0,nan,682,1529,0
no_vax_enh_ops,328,2026073328,1,85.34254921519545,106,246,0
comm_base_40,328,2026073328,0,nan,279,681,40000
comm_base_60,328,2026073328,0,nan,126,294,60000
no_vax_base_ops,331,2026073331,0,nan,665,1457,0
no_vax_enh_ops,331,2026073331,0,nan,92,213,0
comm_base_40,331,2026073331,0,nan,219,502,40000
comm_base_60,331,2026073331,0,nan,122,301,60000
no_vax_base_ops,329,2026073329,0,nan,855,1880,0
no_vax_enh_ops,329,2026073329,0,nan,157,319,0
comm_base_40,329,2026073329,0,nan,259,622,40000
comm_base_60,329,2026073329,0,nan,166,399,60000
no_vax_base_ops,330,2026073330,0,nan,1151,2540,0
no_vax_enh_ops,330,2026073330,0,nan,201,447,0
comm_base_40,330,2026073330,0,nan,403,928,40000
comm_base_60,330,2026073330,0,nan,240,593,60000
no_vax_base_ops,332,2026073332,0,nan,653,1461,0
no_vax_enh_ops,332,2026073332,0,nan,177,387,0
comm_base_40,332,2026073332,0,nan,266,642,40000
comm_base_60,332,2026073332,0,nan,133,336,60000
no_vax_base_ops,333,2026073333,0,nan,873,1963,0
no_vax_enh_ops,333,2026073333,0,nan,121,248,0
comm_base_40,333,2026073333,0,nan,276,652,40000
comm_base_60,333,2026073333,0,nan,179,425,60000
no_vax_base_ops,334,2026073334,0,nan,798,1678,0
no_vax_enh_ops,334,2026073334,0,nan,112,235,0
comm_base_40,334,2026073334,0,nan,341,760,40000
comm_base_60,334,2026073334,0,nan,167,383,60000
no_vax_base_ops,335,2026073335,0,nan,993,2200,0
no_vax_enh_ops,335,2026073335,0,nan,133,359,0
comm_base_40,335,2026073335,0,nan,270,683,40000
comm_base_60,335,2026073335,0,nan,152,433,60000
no_vax_base_ops,336,2026073336,0,nan,695,1454,0
no_vax_enh_ops,336,2026073336,0,nan,118,251,0
comm_base_40,336,2026073336,0,nan,246,526,40000
comm_base_60,336,2026073336,0,nan,127,304,60000
no_vax_base_ops,337,2026073337,0,nan,675,1460,0
no_vax_enh_ops,337,2026073337,0,nan,157,354,0
comm_base_40,337,2026073337,0,nan,183,432,40000
comm_base_60,337,2026073337,0,nan,135,345,60000
no_vax_base_ops,338,2026073338,0,nan,1115,2367,0
no_vax_enh_ops,338,2026073338,0,nan,122,263,0
comm_base_40,338,2026073338,0,nan,319,746,40000
comm_base_60,338,2026073338,0,nan,240,587,60000
no_vax_base_ops,339,2026073339,0,nan,956,2094,0
no_vax_enh_ops,339,2026073339,0,nan,140,314,0
comm_base_40,339,2026073339,0,nan,277,684,40000
comm_base_60,339,2026073339,0,nan,184,444,60000
no_vax_base_ops,341,2026073341,0,nan,677,1431,0
no_vax_enh_ops,341,2026073341,0,nan,125,269,0
comm_base_40,341,2026073341,0,nan,205,472,40000
comm_base_60,341,2026073341,0,nan,106,240,60000
no_vax_base_ops,340,2026073340,0,nan,987,2086,0
no_vax_enh_ops,340,2026073340,0,nan,148,323,0
comm_base_40,340,2026073340,0,nan,279,619,40000
comm_base_60,340,2026073340,0,nan,217,493,60000
no_vax_base_ops,342,2026073342,0,nan,799,1775,0
no_vax_enh_ops,342,2026073342,0,nan,111,284,0
comm_base_40,342,2026073342,0,nan,234,573,40000
comm_base_60,342,2026073342,0,nan,160,438,60000
no_vax_base_ops,343,2026073343,0,nan,778,1810,0
no_vax_enh_ops,343,2026073343,1,80.96909671253381,122,281,0
comm_base_40,343,2026073343,0,nan,134,334,40000
comm_base_60,343,2026073343,0,nan,120,310,60000
no_vax_base_ops,345,2026073345,0,nan,979,2125,0
no_vax_enh_ops,345,2026073345,0,nan,176,362,0
comm_base_40,345,2026073345,0,nan,318,724,40000
comm_base_60,345,2026073345,0,nan,187,451,60000
no_vax_base_ops,344,2026073344,0,nan,863,1983,0
no_vax_enh_ops,344,2026073344,0,nan,150,312,0
comm_base_40,344,2026073344,0,nan,297,697,40000
comm_base_60,344,2026073344,0,nan,196,474,60000
no_vax_base_ops,346,2026073346,0,nan,895,2014,0
no_vax_enh_ops,346,2026073346,0,nan,180,385,0
comm_base_40,346,2026073346,0,nan,187,445,40000
comm_base_60,346,2026073346,0,nan,140,350,60000
no_vax_base_ops,347,2026073347,0,nan,757,1603,0
no_vax_enh_ops,347,2026073347,0,nan,131,289,0
comm_base_40,347,2026073347,0,nan,263,598,40000
comm_base_60,347,2026073347,0,nan,170,420,60000
no_vax_base_ops,348,2026073348,0,nan,714,1606,0
no_vax_enh_ops,348,2026073348,0,nan,124,241,0
comm_base_40,348,2026073348,0,nan,231,492,40000
comm_base_60,348,2026073348,0,nan,156,365,60000
no_vax_base_ops,349,2026073349,0,nan,692,1484,0
no_vax_enh_ops,349,2026073349,0,nan,127,253,0
comm_base_40,349,2026073349,0,nan,233,515,40000
comm_base_60,349,2026073349,0,nan,146,329,60000
no_vax_base_ops,350,2026073350,0,nan,1055,2376,0
no_vax_enh_ops,350,2026073350,0,nan,136,295,0
comm_base_40,350,2026073350,0,nan,324,781,40000
comm_base_60,350,2026073350,0,nan,149,368,60000
no_vax_base_ops,352,2026073352,0,nan,533,1155,0
no_vax_enh_ops,352,2026073352,0,nan,142,302,0
comm_base_40,352,2026073352,0,nan,274,644,40000
comm_base_60,352,2026073352,0,nan,136,329,60000
no_vax_base_ops,351,2026073351,0,nan,927,2023,0
no_vax_enh_ops,351,2026073351,1,89.26435849391322,95,246,0
comm_base_40,351,2026073351,0,nan,209,550,40000
comm_base_60,351,2026073351,0,nan,109,321,60000
no_vax_base_ops,353,2026073353,0,nan,1076,2304,0
no_vax_enh_ops,353,2026073353,0,nan,138,281,0
comm_base_40,353,2026073353,0,nan,373,820,40000
comm_base_60,353,2026073353,0,nan,227,566,60000
no_vax_base_ops,354,2026073354,0,nan,665,1431,0
no_vax_enh_ops,354,2026073354,0,nan,91,218,0
comm_base_40,354,2026073354,0,nan,163,390,40000
comm_base_60,354,2026073354,0,nan,132,332,60000
no_vax_base_ops,355,2026073355,0,nan,905,1971,0
no_vax_enh_ops,355,2026073355,0,nan,119,263,0
comm_base_40,355,2026073355,0,nan,312,765,40000
comm_base_60,355,2026073355,0,nan,163,405,60000
no_vax_base_ops,356,2026073356,0,nan,815,1837,0
no_vax_enh_ops,356,2026073356,0,nan,115,260,0
comm_base_40,356,2026073356,0,nan,257,638,40000
comm_base_60,356,2026073356,0,nan,134,366,60000
no_vax_base_ops,357,2026073357,0,nan,987,2309,0
no_vax_enh_ops,357,2026073357,0,nan,140,313,0
comm_base_40,357,2026073357,0,nan,287,718,40000
comm_base_60,357,2026073357,0,nan,194,511,60000
no_vax_base_ops,359,2026073359,0,nan,531,1163,0
no_vax_enh_ops,359,2026073359,0,nan,85,207,0
comm_base_40,359,2026073359,0,nan,193,472,40000
comm_base_60,359,2026073359,0,nan,136,351,60000
no_vax_base_ops,358,2026073358,0,nan,759,1577,0
no_vax_enh_ops,358,2026073358,1,88.0880834624984,100,245,0
comm_base_40,358,2026073358,0,nan,315,703,40000
comm_base_60,358,2026073358,0,nan,182,449,60000
no_vax_base_ops,360,2026073360,0,nan,840,1837,0
no_vax_enh_ops,360,2026073360,0,nan,163,340,0
comm_base_40,360,2026073360,0,nan,318,709,40000
comm_base_60,360,2026073360,0,nan,132,311,60000
no_vax_base_ops,361,2026073361,0,nan,997,2158,0
no_vax_enh_ops,361,2026073361,0,nan,122,262,0
comm_base_40,361,2026073361,0,nan,235,551,40000
comm_base_60,361,2026073361,0,nan,154,382,60000
no_vax_base_ops,362,2026073362,0,nan,719,1682,0
no_vax_enh_ops,362,2026073362,0,nan,121,278,0
comm_base_40,362,2026073362,0,nan,219,529,40000
comm_base_60,362,2026073362,0,nan,180,438,60000
no_vax_base_ops,364,2026073364,0,nan,1001,2153,0
no_vax_enh_ops,364,2026073364,0,nan,164,356,0
comm_base_40,364,2026073364,0,nan,376,849,40000
comm_base_60,364,2026073364,0,nan,225,516,60000
no_vax_base_ops,363,2026073363,0,nan,1167,2653,0
no_vax_enh_ops,363,2026073363,0,nan,151,327,0
comm_base_40,363,2026073363,0,nan,331,806,40000
comm_base_60,363,2026073363,0,nan,193,479,60000
no_vax_base_ops,365,2026073365,0,nan,810,1830,0
no_vax_enh_ops,365,2026073365,0,nan,124,295,0
comm_base_40,365,2026073365,0,nan,265,671,40000
comm_base_60,365,2026073365,0,nan,134,360,60000
no_vax_base_ops,367,2026073367,0,nan,875,1935,0
no_vax_enh_ops,367,2026073367,0,nan,121,302,0
comm_base_40,367,2026073367,0,nan,164,436,40000
comm_base_60,367,2026073367,0,nan,162,442,60000
no_vax_base_ops,366,2026073366,0,nan,805,1776,0
no_vax_enh_ops,366,2026073366,0,nan,130,283,0
comm_base_40,366,2026073366,0,nan,170,413,40000
comm_base_60,366,2026073366,0,nan,171,413,60000
no_vax_base_ops,368,2026073368,0,nan,823,1885,0
no_vax_enh_ops,368,2026073368,0,nan,110,266,0
comm_base_40,368,2026073368,0,nan,288,766,40000
comm_base_60,368,2026073368,0,nan,209,589,60000
no_vax_base_ops,370,2026073370,0,nan,591,1236,0
no_vax_enh_ops,370,2026073370,0,nan,111,253,0
comm_base_40,370,2026073370,0,nan,234,539,40000
comm_base_60,370,2026073370,0,nan,125,307,60000
no_vax_base_ops,371,2026073371,0,nan,793,1726,0
no_vax_enh_ops,371,2026073371,0,nan,132,276,0
comm_base_40,371,2026073371,0,nan,252,577,40000
comm_base_60,371,2026073371,0,nan,171,379,60000
no_vax_base_ops,369,2026073369,0,nan,725,1636,0
no_vax_enh_ops,369,2026073369,0,nan,98,225,0
comm_base_40,369,2026073369,0,nan,246,571,40000
comm_base_60,369,2026073369,1,89.75796485237595,102,258,60000
no_vax_base_ops,372,2026073372,0,nan,867,1876,0
no_vax_enh_ops,372,2026073372,0,nan,116,269,0
comm_base_40,372,2026073372,0,nan,285,638,40000
comm_base_60,372,2026073372,0,nan,207,507,60000
no_vax_base_ops,373,2026073373,0,nan,740,1646,0
no_vax_enh_ops,373,2026073373,0,nan,183,382,0
comm_base_40,373,2026073373,0,nan,228,527,40000
comm_base_60,373,2026073373,0,nan,148,353,60000
no_vax_base_ops,376,2026073376,0,nan,832,1837,0
no_vax_enh_ops,376,2026073376,0,nan,106,239,0
comm_base_40,376,2026073376,0,nan,303,760,40000
comm_base_60,376,2026073376,0,nan,199,501,60000
no_vax_base_ops,375,2026073375,0,nan,515,1200,0
no_vax_enh_ops,375,2026073375,0,nan,109,250,0
comm_base_40,375,2026073375,0,nan,184,457,40000
comm_base_60,375,2026073375,0,nan,134,338,60000
no_vax_base_ops,374,2026073374,0,nan,963,2119,0
no_vax_enh_ops,374,2026073374,1,78.74512110547039,114,220,0
comm_base_40,374,2026073374,0,nan,301,702,40000
comm_base_60,374,2026073374,0,nan,223,520,60000
no_vax_base_ops,378,2026073378,0,nan,726,1601,0
no_vax_enh_ops,378,2026073378,0,nan,122,282,0
comm_base_40,378,2026073378,0,nan,218,517,40000
comm_base_60,378,2026073378,0,nan,105,273,60000
no_vax_base_ops,377,2026073377,0,nan,969,2106,0
no_vax_enh_ops,377,2026073377,0,nan,183,390,0
comm_base_40,377,2026073377,0,nan,373,868,40000
comm_base_60,377,2026073377,0,nan,171,426,60000
no_vax_base_ops,379,2026073379,0,nan,1066,2206,0
no_vax_enh_ops,379,2026073379,0,nan,151,313,0
comm_base_40,379,2026073379,0,nan,368,794,40000
comm_base_60,379,2026073379,0,nan,233,526,60000
no_vax_base_ops,381,2026073381,0,nan,644,1449,0
no_vax_enh_ops,381,2026073381,0,nan,140,293,0
comm_base_40,381,2026073381,0,nan,218,553,40000
comm_base_60,381,2026073381,0,nan,139,332,60000
no_vax_base_ops,380,2026073380,0,nan,675,1476,0
no_vax_enh_ops,380,2026073380,0,nan,162,326,0
comm_base_40,380,2026073380,0,nan,197,466,40000
comm_base_60,380,2026073380,0,nan,164,375,60000
no_vax_base_ops,382,2026073382,0,nan,729,1617,0
no_vax_enh_ops,382,2026073382,0,nan,90,193,0
comm_base_40,382,2026073382,0,nan,232,555,40000
comm_base_60,382,2026073382,0,nan,178,446,60000
no_vax_base_ops,384,2026073384,0,nan,872,1894,0
no_vax_enh_ops,384,2026073384,1,84.90971204874168,130,283,0
comm_base_40,384,2026073384,0,nan,326,792,40000
comm_base_60,384,2026073384,0,nan,202,466,60000
no_vax_base_ops,383,2026073383,0,nan,613,1350,0
no_vax_enh_ops,383,2026073383,0,nan,132,303,0
comm_base_40,383,2026073383,0,nan,215,515,40000
comm_base_60,383,2026073383,0,nan,154,389,60000
no_vax_base_ops,386,2026073386,0,nan,956,2158,0
no_vax_enh_ops,386,2026073386,0,nan,100,212,0
comm_base_40,386,2026073386,0,nan,247,589,40000
comm_base_60,386,2026073386,0,nan,159,388,60000
no_vax_base_ops,385,2026073385,0,nan,1071,2319,0
no_vax_enh_ops,385,2026073385,0,nan,185,389,0
comm_base_40,385,2026073385,0,nan,255,579,40000
comm_base_60,385,2026073385,0,nan,217,515,60000
no_vax_base_ops,387,2026073387,0,nan,775,1741,0
no_vax_enh_ops,387,2026073387,0,nan,89,223,0
comm_base_40,387,2026073387,0,nan,257,665,40000
comm_base_60,387,2026073387,0,nan,176,426,60000
no_vax_base_ops,390,2026073390,0,nan,789,1734,0
no_vax_enh_ops,390,2026073390,0,nan,88,210,0
comm_base_40,390,2026073390,0,nan,279,647,40000
comm_base_60,390,2026073390,0,nan,226,552,60000
no_vax_base_ops,389,2026073389,0,nan,1047,2269,0
no_vax_enh_ops,389,2026073389,0,nan,139,318,0
comm_base_40,389,2026073389,0,nan,290,712,40000
comm_base_60,389,2026073389,0,nan,161,406,60000
no_vax_base_ops,388,2026073388,0,nan,799,1770,0
no_vax_enh_ops,388,2026073388,1,79.63396572248843,114,229,0
comm_base_40,388,2026073388,0,nan,195,439,40000
comm_base_60,388,2026073388,0,nan,116,287,60000
no_vax_base_ops,391,2026073391,0,nan,761,1647,0
no_vax_enh_ops,391,2026073391,0,nan,179,385,0
comm_base_40,391,2026073391,0,nan,227,536,40000
comm_base_60,391,2026073391,0,nan,149,366,60000
no_vax_base_ops,392,2026073392,0,nan,662,1474,0
no_vax_enh_ops,392,2026073392,1,89.7982552381107,92,204,0
comm_base_40,392,2026073392,0,nan,242,616,40000
comm_base_60,392,2026073392,0,nan,127,345,60000
no_vax_base_ops,393,2026073393,0,nan,907,2050,0
no_vax_enh_ops,393,2026073393,0,nan,147,353,0
comm_base_40,393,2026073393,0,nan,293,733,40000
comm_base_60,393,2026073393,0,nan,160,426,60000
no_vax_base_ops,394,2026073394,0,nan,1368,2965,0
no_vax_enh_ops,394,2026073394,0,nan,210,453,0
comm_base_40,394,2026073394,0,nan,422,993,40000
comm_base_60,394,2026073394,0,nan,252,644,60000
no_vax_base_ops,395,2026073395,0,nan,779,1694,0
no_vax_enh_ops,395,2026073395,0,nan,122,248,0
comm_base_40,395,2026073395,0,nan,292,662,40000
comm_base_60,395,2026073395,0,nan,175,412,60000
no_vax_base_ops,396,2026073396,0,nan,944,2047,0
no_vax_enh_ops,396,2026073396,0,nan,144,323,0
comm_base_40,396,2026073396,0,nan,300,732,40000
comm_base_60,396,2026073396,0,nan,161,416,60000
no_vax_base_ops,399,2026073399,0,nan,693,1576,0
no_vax_enh_ops,399,2026073399,1,86.3626536558894,85,211,0
comm_base_40,399,2026073399,0,nan,199,485,40000
comm_base_60,399,2026073399,0,nan,111,294,60000
no_vax_base_ops,397,2026073397,0,nan,897,1901,0
no_vax_enh_ops,397,2026073397,0,nan,171,352,0
comm_base_40,397,2026073397,0,nan,258,584,40000
comm_base_60,397,2026073397,0,nan,135,327,60000
no_vax_base_ops,398,2026073398,0,nan,786,1649,0
no_vax_enh_ops,398,2026073398,1,79.61266374279462,98,194,0
comm_base_40,398,2026073398,0,nan,209,459,40000
comm_base_60,398,2026073398,0,nan,119,272,60000
no_vax_base_ops,400,2026073400,0,nan,850,1805,0
no_vax_enh_ops,400,2026073400,0,nan,189,422,0
comm_base_40,400,2026073400,0,nan,312,721,40000
comm_base_60,400,2026073400,0,nan,171,411,60000
no_vax_base_ops,401,2026073401,0,nan,779,1677,0
no_vax_enh_ops,401,2026073401,0,nan,129,313,0
comm_base_40,401,2026073401,0,nan,275,648,40000
comm_base_60,401,2026073401,0,nan,133,363,60000
no_vax_base_ops,402,2026073402,0,nan,1236,2751,0
no_vax_enh_ops,402,2026073402,0,nan,112,262,0
comm_base_40,402,2026073402,0,nan,423,1014,40000
comm_base_60,402,2026073402,0,nan,246,630,60000
no_vax_base_ops,403,2026073403,0,nan,604,1323,0
no_vax_enh_ops,403,2026073403,0,nan,109,241,0
comm_base_40,403,2026073403,0,nan,199,451,40000
comm_base_60,403,2026073403,0,nan,128,317,60000
no_vax_base_ops,404,2026073404,0,nan,667,1526,0
no_vax_enh_ops,404,2026073404,0,nan,95,233,0
comm_base_40,404,2026073404,0,nan,222,564,40000
comm_base_60,404,2026073404,0,nan,127,328,60000
no_vax_base_ops,405,2026073405,0,nan,632,1401,0
no_vax_enh_ops,405,2026073405,1,83.89334617941466,95,229,0
comm_base_40,405,2026073405,0,nan,195,504,40000
comm_base_60,405,2026073405,0,nan,121,325,60000
no_vax_base_ops,406,2026073406,0,nan,829,1800,0
no_vax_enh_ops,406,2026073406,0,nan,71,157,0
comm_base_40,406,2026073406,0,nan,230,550,40000
comm_base_60,406,2026073406,0,nan,136,334,60000
no_vax_base_ops,407,2026073407,0,nan,477,946,0
no_vax_enh_ops,407,2026073407,0,nan,110,221,0
comm_base_40,407,2026073407,0,nan,204,420,40000
comm_base_60,407,2026073407,0,nan,113,254,60000
no_vax_base_ops,408,2026073408,0,nan,1016,2159,0
no_vax_enh_ops,408,2026073408,0,nan,130,291,0
comm_base_40,408,2026073408,0,nan,343,801,40000
comm_base_60,408,2026073408,0,nan,221,525,60000
no_vax_base_ops,409,2026073409,0,nan,669,1516,0
no_vax_enh_ops,409,2026073409,0,nan,138,312,0
comm_base_40,409,2026073409,0,nan,224,571,40000
comm_base_60,409,2026073409,0,nan,124,317,60000
no_vax_base_ops,410,2026073410,0,nan,634,1375,0
no_vax_enh_ops,410,2026073410,1,82.62388802813588,118,236,0
comm_base_40,410,2026073410,0,nan,231,543,40000
comm_base_60,410,2026073410,0,nan,125,282,60000
no_vax_base_ops,411,2026073411,0,nan,690,1536,0
no_vax_enh_ops,411,2026073411,0,nan,119,262,0
comm_base_40,411,2026073411,0,nan,309,704,40000
comm_base_60,411,2026073411,0,nan,153,376,60000
no_vax_base_ops,412,2026073412,0,nan,1092,2417,0
no_vax_enh_ops,412,2026073412,0,nan,134,309,0
comm_base_40,412,2026073412,0,nan,305,727,40000
comm_base_60,412,2026073412,0,nan,179,460,60000
no_vax_base_ops,413,2026073413,0,nan,1055,2280,0
no_vax_enh_ops,413,2026073413,0,nan,142,316,0
comm_base_40,413,2026073413,0,nan,301,692,40000
comm_base_60,413,2026073413,0,nan,209,517,60000
no_vax_base_ops,414,2026073414,0,nan,766,1743,0
no_vax_enh_ops,414,2026073414,0,nan,134,312,0
comm_base_40,414,2026073414,0,nan,348,850,40000
comm_base_60,414,2026073414,0,nan,186,498,60000
no_vax_base_ops,415,2026073415,0,nan,906,1977,0
no_vax_enh_ops,415,2026073415,0,nan,182,398,0
comm_base_40,415,2026073415,0,nan,320,733,40000
comm_base_60,415,2026073415,0,nan,136,323,60000
no_vax_base_ops,416,2026073416,0,nan,908,1965,0
no_vax_enh_ops,416,2026073416,0,nan,101,249,0
comm_base_40,416,2026073416,0,nan,275,660,40000
comm_base_60,416,2026073416,0,nan,183,458,60000
no_vax_base_ops,417,2026073417,0,nan,788,1711,0
no_vax_enh_ops,417,2026073417,0,nan,151,284,0
comm_base_40,417,2026073417,0,nan,242,539,40000
comm_base_60,417,2026073417,0,nan,185,423,60000
no_vax_base_ops,418,2026073418,0,nan,645,1407,0
no_vax_enh_ops,418,2026073418,0,nan,142,313,0
comm_base_40,418,2026073418,0,nan,168,395,40000
comm_base_60,418,2026073418,0,nan,101,257,60000
no_vax_base_ops,419,2026073419,0,nan,881,1895,0
no_vax_enh_ops,419,2026073419,0,nan,139,310,0
comm_base_40,419,2026073419,0,nan,212,501,40000
comm_base_60,419,2026073419,0,nan,135,352,60000
no_vax_base_ops,420,2026073420,0,nan,1007,2250,0
no_vax_enh_ops,420,2026073420,0,nan,97,237,0
comm_base_40,420,2026073420,0,nan,285,698,40000
comm_base_60,420,2026073420,0,nan,170,444,60000
no_vax_base_ops,422,2026073422,0,nan,810,1823,0
no_vax_enh_ops,422,2026073422,0,nan,135,273,0
comm_base_40,422,2026073422,0,nan,189,442,40000
comm_base_60,422,2026073422,0,nan,153,364,60000
no_vax_base_ops,421,2026073421,0,nan,803,1761,0
no_vax_enh_ops,421,2026073421,0,nan,209,413,0
comm_base_40,421,2026073421,0,nan,341,746,40000
comm_base_60,421,2026073421,0,nan,154,337,60000
no_vax_base_ops,423,2026073423,0,nan,810,1788,0
no_vax_enh_ops,423,2026073423,0,nan,136,306,0
comm_base_40,423,2026073423,0,nan,335,776,40000
comm_base_60,423,2026073423,0,nan,195,485,60000
no_vax_base_ops,424,2026073424,0,nan,602,1381,0
no_vax_enh_ops,424,2026073424,1,76.96691718467397,114,246,0
comm_base_40,424,2026073424,0,nan,208,489,40000
comm_base_60,424,2026073424,0,nan,118,285,60000
no_vax_base_ops,425,2026073425,0,nan,656,1516,0
no_vax_enh_ops,425,2026073425,0,nan,110,256,0
comm_base_40,425,2026073425,0,nan,239,642,40000
comm_base_60,425,2026073425,0,nan,127,341,60000
no_vax_base_ops,427,2026073427,0,nan,951,2184,0
no_vax_enh_ops,427,2026073427,0,nan,110,254,0
comm_base_40,427,2026073427,0,nan,298,714,40000
comm_base_60,427,2026073427,0,nan,171,425,60000
no_vax_base_ops,426,2026073426,0,nan,809,1786,0
no_vax_enh_ops,426,2026073426,0,nan,111,239,0
comm_base_40,426,2026073426,0,nan,216,529,40000
comm_base_60,426,2026073426,0,nan,137,353,60000
no_vax_base_ops,428,2026073428,0,nan,979,2185,0
no_vax_enh_ops,428,2026073428,0,nan,111,271,0
comm_base_40,428,2026073428,0,nan,311,755,40000
comm_base_60,428,2026073428,0,nan,127,353,60000
no_vax_base_ops,429,2026073429,0,nan,784,1710,0
no_vax_enh_ops,429,2026073429,0,nan,159,356,0
comm_base_40,429,2026073429,0,nan,252,590,40000
comm_base_60,429,2026073429,0,nan,186,458,60000
no_vax_base_ops,430,2026073430,0,nan,820,1860,0
no_vax_enh_ops,430,2026073430,0,nan,130,304,0
comm_base_40,430,2026073430,0,nan,257,644,40000
comm_base_60,430,2026073430,0,nan,178,460,60000
no_vax_base_ops,432,2026073432,0,nan,1079,2399,0
no_vax_enh_ops,432,2026073432,1,89.97496461219032,137,296,0
comm_base_40,432,2026073432,0,nan,346,830,40000
comm_base_60,432,2026073432,0,nan,147,358,60000
no_vax_base_ops,434,2026073434,0,nan,1150,2409,0
no_vax_enh_ops,434,2026073434,0,nan,117,267,0
comm_base_40,434,2026073434,0,nan,345,779,40000
comm_base_60,434,2026073434,0,nan,198,480,60000
no_vax_base_ops,431,2026073431,0,nan,1163,2456,0
no_vax_enh_ops,431,2026073431,0,nan,214,457,0
comm_base_40,431,2026073431,0,nan,378,862,40000
comm_base_60,431,2026073431,0,nan,253,608,60000
no_vax_base_ops,435,2026073435,0,nan,654,1423,0
no_vax_enh_ops,435,2026073435,0,nan,137,315,0
comm_base_40,435,2026073435,0,nan,244,570,40000
comm_base_60,435,2026073435,0,nan,144,363,60000
no_vax_base_ops,433,2026073433,0,nan,450,1059,0
no_vax_enh_ops,433,2026073433,0,nan,121,304,0
comm_base_40,433,2026073433,0,nan,141,368,40000
comm_base_60,433,2026073433,0,nan,106,291,60000
no_vax_base_ops,436,2026073436,0,nan,927,2001,0
no_vax_enh_ops,436,2026073436,0,nan,122,268,0
comm_base_40,436,2026073436,0,nan,229,540,40000
comm_base_60,436,2026073436,0,nan,227,551,60000
no_vax_base_ops,437,2026073437,0,nan,911,1979,0
no_vax_enh_ops,437,2026073437,1,85.5953834425041,87,202,0
comm_base_40,437,2026073437,0,nan,236,592,40000
comm_base_60,437,2026073437,0,nan,182,457,60000
no_vax_base_ops,438,2026073438,0,nan,1320,2790,0
no_vax_enh_ops,438,2026073438,0,nan,139,309,0
comm_base_40,438,2026073438,0,nan,351,817,40000
comm_base_60,438,2026073438,0,nan,232,543,60000
no_vax_base_ops,441,2026073441,0,nan,844,1795,0
no_vax_enh_ops,441,2026073441,0,nan,136,297,0
comm_base_40,441,2026073441,0,nan,222,551,40000
comm_base_60,441,2026073441,0,nan,158,406,60000
no_vax_base_ops,439,2026073439,0,nan,1230,2681,0
no_vax_enh_ops,439,2026073439,0,nan,98,234,0
comm_base_40,439,2026073439,0,nan,327,823,40000
comm_base_60,439,2026073439,0,nan,230,603,60000
no_vax_base_ops,440,2026073440,0,nan,879,1952,0
no_vax_enh_ops,440,2026073440,1,70.12610932236537,83,187,0
comm_base_40,440,2026073440,0,nan,218,510,40000
comm_base_60,440,2026073440,0,nan,186,465,60000
no_vax_base_ops,442,2026073442,0,nan,880,1965,0
no_vax_enh_ops,442,2026073442,0,nan,131,306,0
comm_base_40,442,2026073442,0,nan,232,553,40000
comm_base_60,442,2026073442,0,nan,186,497,60000
no_vax_base_ops,443,2026073443,0,nan,768,1772,0
no_vax_enh_ops,443,2026073443,0,nan,100,241,0
comm_base_40,443,2026073443,0,nan,292,677,40000
comm_base_60,443,2026073443,0,nan,190,468,60000
no_vax_base_ops,444,2026073444,0,nan,800,1609,0
no_vax_enh_ops,444,2026073444,0,nan,141,283,0
comm_base_40,444,2026073444,0,nan,236,532,40000
comm_base_60,444,2026073444,0,nan,147,341,60000
no_vax_base_ops,448,2026073448,0,nan,828,1774,0
no_vax_enh_ops,448,2026073448,0,nan,122,248,0
comm_base_40,448,2026073448,0,nan,243,541,40000
comm_base_60,448,2026073448,0,nan,144,331,60000
no_vax_base_ops,445,2026073445,0,nan,694,1572,0
no_vax_enh_ops,445,2026073445,0,nan,113,275,0
comm_base_40,445,2026073445,0,nan,277,674,40000
comm_base_60,445,2026073445,0,nan,238,600,60000
no_vax_base_ops,446,2026073446,0,nan,776,1694,0
no_vax_enh_ops,446,2026073446,0,nan,125,311,0
comm_base_40,446,2026073446,0,nan,374,887,40000
comm_base_60,446,2026073446,0,nan,178,459,60000
no_vax_base_ops,447,2026073447,0,nan,625,1341,0
no_vax_enh_ops,447,2026073447,0,nan,103,193,0
comm_base_40,447,2026073447,0,nan,208,467,40000
comm_base_60,447,2026073447,0,nan,143,310,60000
no_vax_base_ops,450,2026073450,0,nan,898,1976,0
no_vax_enh_ops,450,2026073450,0,nan,155,331,0
comm_base_40,450,2026073450,0,nan,305,723,40000
comm_base_60,450,2026073450,0,nan,175,400,60000
no_vax_base_ops,449,2026073449,0,nan,930,2020,0
no_vax_enh_ops,449,2026073449,0,nan,216,447,0
comm_base_40,449,2026073449,0,nan,269,597,40000
comm_base_60,449,2026073449,0,nan,170,398,60000
no_vax_base_ops,451,2026073451,0,nan,675,1459,0
no_vax_enh_ops,451,2026073451,1,76.67643220847697,89,168,0
comm_base_40,451,2026073451,0,nan,225,478,40000
comm_base_60,451,2026073451,0,nan,167,354,60000
no_vax_base_ops,452,2026073452,0,nan,995,2178,0
no_vax_enh_ops,452,2026073452,0,nan,190,434,0
comm_base_40,452,2026073452,0,nan,296,723,40000
comm_base_60,452,2026073452,0,nan,162,415,60000
no_vax_base_ops,454,2026073454,0,nan,552,1209,0
no_vax_enh_ops,454,2026073454,0,nan,141,274,0
comm_base_40,454,2026073454,0,nan,164,358,40000
comm_base_60,454,2026073454,0,nan,129,283,60000
no_vax_base_ops,453,2026073453,0,nan,775,1665,0
no_vax_enh_ops,453,2026073453,0,nan,141,288,0
comm_base_40,453,2026073453,0,nan,223,512,40000
comm_base_60,453,2026073453,0,nan,168,385,60000
no_vax_base_ops,455,2026073455,0,nan,1330,2746,0
no_vax_enh_ops,455,2026073455,0,nan,128,271,0
comm_base_40,455,2026073455,0,nan,273,660,40000
comm_base_60,455,2026073455,0,nan,188,487,60000
no_vax_base_ops,456,2026073456,0,nan,792,1720,0
no_vax_enh_ops,456,2026073456,0,nan,133,337,0
comm_base_40,456,2026073456,0,nan,366,844,40000
comm_base_60,456,2026073456,0,nan,167,465,60000
no_vax_base_ops,457,2026073457,0,nan,1114,2470,0
no_vax_enh_ops,457,2026073457,0,nan,168,384,0
comm_base_40,457,2026073457,0,nan,374,901,40000
comm_base_60,457,2026073457,0,nan,204,526,60000
no_vax_base_ops,458,2026073458,0,nan,999,2218,0
no_vax_enh_ops,458,2026073458,0,nan,179,375,0
comm_base_40,458,2026073458,0,nan,265,589,40000
comm_base_60,458,2026073458,0,nan,202,470,60000
no_vax_base_ops,459,2026073459,0,nan,1036,2271,0
no_vax_enh_ops,459,2026073459,0,nan,139,302,0
comm_base_40,459,2026073459,0,nan,361,836,40000
comm_base_60,459,2026073459,0,nan,182,432,60000
no_vax_base_ops,460,2026073460,0,nan,937,2047,0
no_vax_enh_ops,460,2026073460,0,nan,121,307,0
comm_base_40,460,2026073460,0,nan,253,622,40000
comm_base_60,460,2026073460,0,nan,148,394,60000
no_vax_base_ops,463,2026073463,0,nan,505,1180,0
no_vax_enh_ops,463,2026073463,0,nan,100,203,0
comm_base_40,463,2026073463,0,nan,155,397,40000
comm_base_60,463,2026073463,0,nan,138,342,60000
no_vax_base_ops,461,2026073461,0,nan,820,1790,0
no_vax_enh_ops,461,2026073461,1,88.13336518683451,108,247,0
comm_base_40,461,2026073461,0,nan,290,685,40000
comm_base_60,461,2026073461,0,nan,200,475,60000
no_vax_base_ops,464,2026073464,0,nan,1043,2288,0
no_vax_enh_ops,464,2026073464,1,86.62468734657065,148,343,0
comm_base_40,464,2026073464,0,nan,314,736,40000
comm_base_60,464,2026073464,0,nan,209,520,60000
no_vax_base_ops,462,2026073462,0,nan,791,1705,0
no_vax_enh_ops,462,2026073462,0,nan,126,265,0
comm_base_40,462,2026073462,0,nan,300,706,40000
comm_base_60,462,2026073462,0,nan,155,366,60000
no_vax_base_ops,465,2026073465,0,nan,814,1816,0
no_vax_enh_ops,465,2026073465,0,nan,183,377,0
comm_base_40,465,2026073465,0,nan,297,691,40000
comm_base_60,465,2026073465,0,nan,175,413,60000
no_vax_base_ops,467,2026073467,0,nan,1032,2282,0
no_vax_enh_ops,467,2026073467,0,nan,135,271,0
comm_base_40,467,2026073467,0,nan,178,395,40000
comm_base_60,467,2026073467,0,nan,140,311,60000
no_vax_base_ops,468,2026073468,0,nan,679,1514,0
no_vax_enh_ops,468,2026073468,1,77.44805623521536,131,304,0
comm_base_40,468,2026073468,0,nan,325,751,40000
comm_base_60,468,2026073468,0,nan,148,380,60000
no_vax_base_ops,466,2026073466,0,nan,774,1761,0
no_vax_enh_ops,466,2026073466,0,nan,112,261,0
comm_base_40,466,2026073466,0,nan,306,745,40000
comm_base_60,466,2026073466,0,nan,159,413,60000
no_vax_base_ops,469,2026073469,0,nan,772,1744,0
no_vax_enh_ops,469,2026073469,0,nan,182,391,0
comm_base_40,469,2026073469,0,nan,309,732,40000
comm_base_60,469,2026073469,0,nan,137,330,60000
no_vax_base_ops,470,2026073470,0,nan,838,1802,0
no_vax_enh_ops,470,2026073470,0,nan,162,370,0
comm_base_40,470,2026073470,0,nan,244,568,40000
comm_base_60,470,2026073470,0,nan,172,423,60000
no_vax_base_ops,473,2026073473,0,nan,765,1604,0
no_vax_enh_ops,473,2026073473,0,nan,100,217,0
comm_base_40,473,2026073473,0,nan,194,467,40000
comm_base_60,473,2026073473,0,nan,140,358,60000
no_vax_base_ops,472,2026073472,0,nan,583,1190,0
no_vax_enh_ops,472,2026073472,0,nan,155,319,0
comm_base_40,472,2026073472,0,nan,347,748,40000
comm_base_60,472,2026073472,0,nan,189,438,60000
no_vax_base_ops,471,2026073471,0,nan,739,1649,0
no_vax_enh_ops,471,2026073471,0,nan,154,328,0
comm_base_40,471,2026073471,0,nan,276,652,40000
comm_base_60,471,2026073471,0,nan,139,336,60000
no_vax_base_ops,475,2026073475,0,nan,875,1870,0
no_vax_enh_ops,475,2026073475,0,nan,155,338,0
comm_base_40,475,2026073475,0,nan,255,579,40000
comm_base_60,475,2026073475,0,nan,188,469,60000
no_vax_base_ops,474,2026073474,0,nan,972,2120,0
no_vax_enh_ops,474,2026073474,1,80.98085062692775,126,281,0
comm_base_40,474,2026073474,0,nan,250,613,40000
comm_base_60,474,2026073474,0,nan,179,459,60000
no_vax_base_ops,476,2026073476,0,nan,977,2183,0
no_vax_enh_ops,476,2026073476,0,nan,145,326,0
comm_base_40,476,2026073476,0,nan,307,756,40000
comm_base_60,476,2026073476,0,nan,178,465,60000
no_vax_base_ops,477,2026073477,0,nan,953,1995,0
no_vax_enh_ops,477,2026073477,0,nan,164,342,0
comm_base_40,477,2026073477,0,nan,280,581,40000
comm_base_60,477,2026073477,0,nan,162,356,60000
no_vax_base_ops,478,2026073478,0,nan,582,1362,0
no_vax_enh_ops,478,2026073478,0,nan,124,288,0
comm_base_40,478,2026073478,0,nan,170,424,40000
comm_base_60,478,2026073478,0,nan,139,365,60000
no_vax_base_ops,481,2026073481,0,nan,790,1725,0
no_vax_enh_ops,481,2026073481,0,nan,122,265,0
comm_base_40,481,2026073481,0,nan,290,654,40000
comm_base_60,481,2026073481,0,nan,165,377,60000
no_vax_base_ops,479,2026073479,0,nan,1019,2170,0
no_vax_enh_ops,479,2026073479,0,nan,127,274,0
comm_base_40,479,2026073479,0,nan,247,570,40000
comm_base_60,479,2026073479,0,nan,178,401,60000
no_vax_base_ops,482,2026073482,0,nan,891,1976,0
no_vax_enh_ops,482,2026073482,0,nan,134,294,0
comm_base_40,482,2026073482,0,nan,316,762,40000
comm_base_60,482,2026073482,0,nan,166,422,60000
no_vax_base_ops,480,2026073480,0,nan,675,1552,0
no_vax_enh_ops,480,2026073480,0,nan,109,238,0
comm_base_40,480,2026073480,0,nan,202,502,40000
comm_base_60,480,2026073480,0,nan,159,405,60000
no_vax_base_ops,483,2026073483,0,nan,858,1888,0
no_vax_enh_ops,483,2026073483,0,nan,187,403,0
comm_base_40,483,2026073483,0,nan,291,687,40000
comm_base_60,483,2026073483,0,nan,188,461,60000
no_vax_base_ops,484,2026073484,0,nan,679,1510,0
no_vax_enh_ops,484,2026073484,0,nan,123,296,0
comm_base_40,484,2026073484,0,nan,236,554,40000
comm_base_60,484,2026073484,0,nan,126,332,60000
no_vax_base_ops,486,2026073486,0,nan,725,1568,0
no_vax_enh_ops,486,2026073486,0,nan,113,234,0
comm_base_40,486,2026073486,0,nan,276,639,40000
comm_base_60,486,2026073486,0,nan,124,292,60000
no_vax_base_ops,485,2026073485,0,nan,726,1622,0
no_vax_enh_ops,485,2026073485,1,68.701736757903,104,233,0
comm_base_40,485,2026073485,0,nan,231,539,40000
comm_base_60,485,2026073485,0,nan,136,340,60000
no_vax_base_ops,487,2026073487,0,nan,799,1710,0
no_vax_enh_ops,487,2026073487,0,nan,167,359,0
comm_base_40,487,2026073487,0,nan,308,682,40000
comm_base_60,487,2026073487,0,nan,175,420,60000
no_vax_base_ops,488,2026073488,0,nan,718,1568,0
no_vax_enh_ops,488,2026073488,0,nan,109,233,0
comm_base_40,488,2026073488,0,nan,253,588,40000
comm_base_60,488,2026073488,0,nan,159,362,60000
no_vax_base_ops,491,2026073491,0,nan,593,1322,0
no_vax_enh_ops,491,2026073491,0,nan,84,196,0
comm_base_40,491,2026073491,0,nan,175,426,40000
comm_base_60,491,2026073491,0,nan,106,266,60000
no_vax_base_ops,489,2026073489,0,nan,574,1230,0
no_vax_enh_ops,489,2026073489,0,nan,78,166,0
comm_base_40,489,2026073489,0,nan,191,444,40000
comm_base_60,489,2026073489,0,nan,94,241,60000
no_vax_base_ops,490,2026073490,0,nan,996,2149,0
no_vax_enh_ops,490,2026073490,0,nan,163,363,0
comm_base_40,490,2026073490,0,nan,497,1178,40000
comm_base_60,490,2026073490,0,nan,215,534,60000
no_vax_base_ops,492,2026073492,0,nan,799,1689,0
no_vax_enh_ops,492,2026073492,0,nan,112,215,0
comm_base_40,492,2026073492,0,nan,272,605,40000
comm_base_60,492,2026073492,0,nan,171,379,60000
no_vax_base_ops,494,2026073494,0,nan,988,2201,0
no_vax_enh_ops,494,2026073494,1,81.28436490907222,116,245,0
comm_base_40,494,2026073494,0,nan,338,761,40000
comm_base_60,494,2026073494,0,nan,176,411,60000
no_vax_base_ops,493,2026073493,0,nan,1025,2346,0
no_vax_enh_ops,493,2026073493,0,nan,184,438,0
comm_base_40,493,2026073493,0,nan,279,683,40000
comm_base_60,493,2026073493,0,nan,213,581,60000
no_vax_base_ops,495,2026073495,0,nan,780,1724,0
no_vax_enh_ops,495,2026073495,0,nan,97,254,0
comm_base_40,495,2026073495,0,nan,207,547,40000
comm_base_60,495,2026073495,0,nan,149,417,60000
no_vax_base_ops,496,2026073496,0,nan,611,1389,0
no_vax_enh_ops,496,2026073496,0,nan,153,328,0
comm_base_40,496,2026073496,0,nan,205,478,40000
comm_base_60,496,2026073496,0,nan,129,321,60000
no_vax_base_ops,498,2026073498,0,nan,617,1311,0
no_vax_enh_ops,498,2026073498,0,nan,140,292,0
comm_base_40,498,2026073498,0,nan,226,547,40000
comm_base_60,498,2026073498,0,nan,143,361,60000
no_vax_base_ops,497,2026073497,0,nan,795,1706,0
no_vax_enh_ops,497,2026073497,0,nan,169,376,0
comm_base_40,497,2026073497,0,nan,235,526,40000
comm_base_60,497,2026073497,0,nan,141,350,60000
no_vax_base_ops,499,2026073499,0,nan,796,1814,0
no_vax_enh_ops,499,2026073499,0,nan,154,331,0
comm_base_40,499,2026073499,0,nan,249,578,40000
comm_base_60,499,2026073499,0,nan,111,263,60000
