after_onset,analysis,before_exposure,coverage,during_incubation,enhanced,max_vaccines,n_vaccinated_cases,radius,replicate,seed,strategy
16,supp_s3_delivery,79,0.4,16,,0,111,2,3,2026131003,community40_base
48,supp_s3_delivery,11,,8,1,,67,2,3,2026131003,ring2_enhanced
20,supp_s3_delivery,92,0.4,29,,0,141,2,2,2026131002,community40_base
67,supp_s3_delivery,5,,12,1,,84,2,2,2026131002,ring2_enhanced
19,supp_s3_delivery,133,0.4,32,,0,184,2,7,2026131007,community40_base
59,supp_s3_delivery,17,,11,1,,87,2,7,2026131007,ring2_enhanced
18,supp_s3_delivery,134,0.4,15,,0,167,2,0,2026131000,community40_base
66,supp_s3_delivery,21,,26,1,,113,2,0,2026131000,ring2_enhanced
26,supp_s3_delivery,139,0.4,20,,0,185,2,6,2026131006,community40_base
45,supp_s3_delivery,13,,11,1,,69,2,6,2026131006,ring2_enhanced
22,supp_s3_delivery,133,0.4,30,,0,185,2,4,2026131004,community40_base
88,supp_s3_delivery,6,,22,1,,116,2,4,2026131004,ring2_enhanced
19,supp_s3_delivery,56,0.4,14,,0,89,2,1,2026131001,community40_base
37,supp_s3_delivery,6,,14,1,,57,2,1,2026131001,ring2_enhanced
18,supp_s3_delivery,116,0.4,18,,0,152,2,5,2026131005,community40_base
62,supp_s3_delivery,12,,13,1,,87,2,5,2026131005,ring2_enhanced
24,supp_s3_delivery,113,0.4,18,,0,155,2,8,2026131008,community40_base
76,supp_s3_delivery,13,,25,1,,114,2,8,2026131008,ring2_enhanced
12,supp_s3_delivery,78,0.4,21,,0,111,2,10,2026131010,community40_base
69,supp_s3_delivery,10,,6,1,,85,2,10,2026131010,ring2_enhanced
12,supp_s3_delivery,100,0.4,20,,0,132,2,9,2026131009,community40_base
48,supp_s3_delivery,7,,23,1,,78,2,9,2026131009,ring2_enhanced
25,supp_s3_delivery,124,0.4,20,,0,169,2,13,2026131013,community40_base
104,supp_s3_delivery,11,,16,1,,131,2,13,2026131013,ring2_enhanced
20,supp_s3_delivery,106,0.4,13,,0,139,2,12,2026131012,community40_base
40,supp_s3_delivery,10,,19,1,,69,2,12,2026131012,ring2_enhanced
22,supp_s3_delivery,105,0.4,21,,0,148,2,14,2026131014,community40_base
71,supp_s3_delivery,8,,12,1,,91,2,14,2026131014,ring2_enhanced
21,supp_s3_delivery,153,0.4,28,,0,202,2,15,2026131015,community40_base
55,supp_s3_delivery,6,,12,1,,73,2,15,2026131015,ring2_enhanced
17,supp_s3_delivery,93,0.4,22,,0,132,2,11,2026131011,community40_base
80,supp_s3_delivery,5,,9,1,,94,2,11,2026131011,ring2_enhanced
16,supp_s3_delivery,77,0.4,15,,0,108,2,17,2026131017,community40_base
39,supp_s3_delivery,11,,17,1,,67,2,17,2026131017,ring2_enhanced
19,supp_s3_delivery,99,0.4,24,,0,142,2,16,2026131016,community40_base
57,supp_s3_delivery,14,,17,1,,88,2,16,2026131016,ring2_enhanced
22,supp_s3_delivery,100,0.4,12,,0,134,2,20,2026131020,community40_base
72,supp_s3_delivery,15,,15,1,,102,2,20,2026131020,ring2_enhanced
18,supp_s3_delivery,89,0.4,17,,0,124,2,19,2026131019,community40_base
59,supp_s3_delivery,20,,18,1,,97,2,19,2026131019,ring2_enhanced
19,supp_s3_delivery,114,0.4,23,,0,156,2,22,2026131022,community40_base
90,supp_s3_delivery,5,,14,1,,109,2,22,2026131022,ring2_enhanced
21,supp_s3_delivery,130,0.4,18,,0,169,2,18,2026131018,community40_base
78,supp_s3_delivery,15,,13,1,,106,2,18,2026131018,ring2_enhanced
26,supp_s3_delivery,138,0.4,24,,0,188,2,23,2026131023,community40_base
60,supp_s3_delivery,4,,14,1,,78,2,23,2026131023,ring2_enhanced
25,supp_s3_delivery,167,0.4,33,,0,225,2,21,2026131021,community40_base
75,supp_s3_delivery,14,,23,1,,112,2,21,2026131021,ring2_enhanced
20,supp_s3_delivery,98,0.4,21,,0,139,2,25,2026131025,community40_base
55,supp_s3_delivery,5,,4,1,,64,2,25,2026131025,ring2_enhanced
20,supp_s3_delivery,69,0.4,21,,0,110,2,26,2026131026,community40_base
50,supp_s3_delivery,7,,8,1,,65,2,26,2026131026,ring2_enhanced
27,supp_s3_delivery,112,0.4,24,,0,163,2,27,2026131027,community40_base
66,supp_s3_delivery,18,,22,1,,106,2,27,2026131027,ring2_enhanced
19,supp_s3_delivery,87,0.4,16,,0,122,2,28,2026131028,community40_base
58,supp_s3_delivery,11,,19,1,,88,2,28,2026131028,ring2_enhanced
18,supp_s3_delivery,87,0.4,17,,0,122,2,24,2026131024,community40_base
57,supp_s3_delivery,8,,13,1,,78,2,24,2026131024,ring2_enhanced
15,supp_s3_delivery,87,0.4,16,,0,118,2,29,2026131029,community40_base
58,supp_s3_delivery,10,,15,1,,83,2,29,2026131029,ring2_enhanced
21,supp_s3_delivery,101,0.4,21,,0,143,2,31,2026131031,community40_base
79,supp_s3_delivery,6,,17,1,,102,2,31,2026131031,ring2_enhanced
23,supp_s3_delivery,82,0.4,21,,0,126,2,34,2026131034,community40_base
48,supp_s3_delivery,16,,23,1,,87,2,34,2026131034,ring2_enhanced
21,supp_s3_delivery,89,0.4,22,,0,132,2,32,2026131032,community40_base
47,supp_s3_delivery,11,,14,1,,72,2,32,2026131032,ring2_enhanced
13,supp_s3_delivery,108,0.4,14,,0,135,2,30,2026131030,community40_base
64,supp_s3_delivery,17,,12,1,,93,2,30,2026131030,ring2_enhanced
15,supp_s3_delivery,128,0.4,23,,0,166,2,33,2026131033,community40_base
71,supp_s3_delivery,7,,10,1,,88,2,33,2026131033,ring2_enhanced
15,supp_s3_delivery,102,0.4,24,,0,141,2,36,2026131036,community40_base
64,supp_s3_delivery,9,,18,1,,91,2,36,2026131036,ring2_enhanced
12,supp_s3_delivery,128,0.4,18,,0,158,2,37,2026131037,community40_base
66,supp_s3_delivery,10,,16,1,,92,2,37,2026131037,ring2_enhanced
28,supp_s3_delivery,99,0.4,22,,0,149,2,35,2026131035,community40_base
60,supp_s3_delivery,10,,10,1,,80,2,35,2026131035,ring2_enhanced
19,supp_s3_delivery,121,0.4,28,,0,168,2,38,2026131038,community40_base
58,supp_s3_delivery,13,,19,1,,90,2,38,2026131038,ring2_enhanced
20,supp_s3_delivery,104,0.4,14,,0,138,2,40,2026131040,community40_base
71,supp_s3_delivery,9,,28,1,,108,2,40,2026131040,ring2_enhanced
18,supp_s3_delivery,119,0.4,19,,0,156,2,39,2026131039,community40_base
70,supp_s3_delivery,10,,12,1,,92,2,39,2026131039,ring2_enhanced
17,supp_s3_delivery,68,0.4,24,,0,109,2,42,2026131042,community40_base
77,supp_s3_delivery,9,,9,1,,95,2,42,2026131042,ring2_enhanced
11,supp_s3_delivery,108,0.4,17,,0,136,2,44,2026131044,community40_base
65,supp_s3_delivery,24,,29,1,,118,2,44,2026131044,ring2_enhanced
21,supp_s3_delivery,146,0.4,19,,0,186,2,41,2026131041,community40_base
96,supp_s3_delivery,13,,11,1,,120,2,41,2026131041,ring2_enhanced
19,supp_s3_delivery,91,0.4,16,,0,126,2,43,2026131043,community40_base
40,supp_s3_delivery,20,,23,1,,83,2,43,2026131043,ring2_enhanced
20,supp_s3_delivery,129,0.4,21,,0,170,2,45,2026131045,community40_base
44,supp_s3_delivery,5,,10,1,,59,2,45,2026131045,ring2_enhanced
17,supp_s3_delivery,102,0.4,22,,0,141,2,46,2026131046,community40_base
57,supp_s3_delivery,13,,16,1,,86,2,46,2026131046,ring2_enhanced
20,supp_s3_delivery,83,0.4,11,,0,114,2,48,2026131048,community40_base
59,supp_s3_delivery,9,,22,1,,90,2,48,2026131048,ring2_enhanced
23,supp_s3_delivery,109,0.4,9,,0,141,2,49,2026131049,community40_base
75,supp_s3_delivery,3,,18,1,,96,2,49,2026131049,ring2_enhanced
23,supp_s3_delivery,72,0.4,16,,0,111,2,50,2026131050,community40_base
69,supp_s3_delivery,15,,15,1,,99,2,50,2026131050,ring2_enhanced
17,supp_s3_delivery,94,0.4,21,,0,132,2,47,2026131047,community40_base
88,supp_s3_delivery,15,,15,1,,118,2,47,2026131047,ring2_enhanced
24,supp_s3_delivery,118,0.4,19,,0,161,2,51,2026131051,community40_base
98,supp_s3_delivery,15,,15,1,,128,2,51,2026131051,ring2_enhanced
21,supp_s3_delivery,123,0.4,29,,0,173,2,52,2026131052,community40_base
89,supp_s3_delivery,17,,22,1,,128,2,52,2026131052,ring2_enhanced
19,supp_s3_delivery,65,0.4,13,,0,97,2,53,2026131053,community40_base
50,supp_s3_delivery,6,,10,1,,66,2,53,2026131053,ring2_enhanced
22,supp_s3_delivery,141,0.4,22,,0,185,2,54,2026131054,community40_base
71,supp_s3_delivery,11,,16,1,,98,2,54,2026131054,ring2_enhanced
23,supp_s3_delivery,110,0.4,19,,0,152,2,58,2026131058,community40_base
56,supp_s3_delivery,12,,22,1,,90,2,58,2026131058,ring2_enhanced
24,supp_s3_delivery,155,0.4,29,,0,208,2,55,2026131055,community40_base
66,supp_s3_delivery,12,,24,1,,102,2,55,2026131055,ring2_enhanced
19,supp_s3_delivery,89,0.4,20,,0,128,2,57,2026131057,community40_base
72,supp_s3_delivery,6,,10,1,,88,2,57,2026131057,ring2_enhanced
17,supp_s3_delivery,146,0.4,21,,0,184,2,56,2026131056,community40_base
72,supp_s3_delivery,13,,13,1,,98,2,56,2026131056,ring2_enhanced
25,supp_s3_delivery,108,0.4,25,,0,158,2,59,2026131059,community40_base
41,supp_s3_delivery,12,,19,1,,72,2,59,2026131059,ring2_enhanced
16,supp_s3_delivery,80,0.4,14,,0,110,2,60,2026131060,community40_base
82,supp_s3_delivery,10,,21,1,,113,2,60,2026131060,ring2_enhanced
17,supp_s3_delivery,65,0.4,18,,0,100,2,62,2026131062,community40_base
66,supp_s3_delivery,13,,18,1,,97,2,62,2026131062,ring2_enhanced
20,supp_s3_delivery,95,0.4,19,,0,134,2,61,2026131061,community40_base
95,supp_s3_delivery,27,,16,1,,138,2,61,2026131061,ring2_enhanced
12,supp_s3_delivery,113,0.4,13,,0,138,2,64,2026131064,community40_base
98,supp_s3_delivery,25,,26,1,,149,2,64,2026131064,ring2_enhanced
24,supp_s3_delivery,123,0.4,19,,0,166,2,65,2026131065,community40_base
75,supp_s3_delivery,14,,25,1,,114,2,65,2026131065,ring2_enhanced
13,supp_s3_delivery,106,0.4,18,,0,137,2,63,2026131063,community40_base
55,supp_s3_delivery,17,,12,1,,84,2,63,2026131063,ring2_enhanced
17,supp_s3_delivery,127,0.4,28,,0,172,2,66,2026131066,community40_base
62,supp_s3_delivery,3,,7,1,,72,2,66,2026131066,ring2_enhanced
22,supp_s3_delivery,140,0.4,14,,0,176,2,67,2026131067,community40_base
64,supp_s3_delivery,17,,22,1,,103,2,67,2026131067,ring2_enhanced
19,supp_s3_delivery,73,0.4,7,,0,99,2,68,2026131068,community40_base
62,supp_s3_delivery,4,,5,1,,71,2,68,2026131068,ring2_enhanced
14,supp_s3_delivery,136,0.4,18,,0,168,2,69,2026131069,community40_base
51,supp_s3_delivery,4,,6,1,,61,2,69,2026131069,ring2_enhanced
25,supp_s3_delivery,161,0.4,19,,0,205,2,70,2026131070,community40_base
91,supp_s3_delivery,16,,19,1,,126,2,70,2026131070,ring2_enhanced
28,supp_s3_delivery,126,0.4,26,,0,180,2,71,2026131071,community40_base
74,supp_s3_delivery,18,,23,1,,115,2,71,2026131071,ring2_enhanced
20,supp_s3_delivery,115,0.4,20,,0,155,2,72,2026131072,community40_base
61,supp_s3_delivery,12,,16,1,,89,2,72,2026131072,ring2_enhanced
26,supp_s3_delivery,91,0.4,28,,0,145,2,74,2026131074,community40_base
53,supp_s3_delivery,10,,15,1,,78,2,74,2026131074,ring2_enhanced
14,supp_s3_delivery,150,0.4,21,,0,185,2,73,2026131073,community40_base
82,supp_s3_delivery,18,,24,1,,124,2,73,2026131073,ring2_enhanced
23,supp_s3_delivery,103,0.4,25,,0,151,2,75,2026131075,community40_base
51,supp_s3_delivery,10,,8,1,,69,2,75,2026131075,ring2_enhanced
18,supp_s3_delivery,83,0.4,17,,0,118,2,76,2026131076,community40_base
47,supp_s3_delivery,4,,11,1,,62,2,76,2026131076,ring2_enhanced
23,supp_s3_delivery,104,0.4,17,,0,144,2,77,2026131077,community40_base
41,supp_s3_delivery,10,,11,1,,62,2,77,2026131077,ring2_enhanced
18,supp_s3_delivery,111,0.4,12,,0,141,2,79,2026131079,community40_base
60,supp_s3_delivery,8,,9,1,,77,2,79,2026131079,ring2_enhanced
12,supp_s3_delivery,81,0.4,18,,0,111,2,78,2026131078,community40_base
42,supp_s3_delivery,13,,25,1,,80,2,78,2026131078,ring2_enhanced
16,supp_s3_delivery,98,0.4,22,,0,136,2,82,2026131082,community40_base
38,supp_s3_delivery,15,,12,1,,65,2,82,2026131082,ring2_enhanced
26,supp_s3_delivery,78,0.4,22,,0,126,2,81,2026131081,community40_base
75,supp_s3_delivery,11,,34,1,,120,2,81,2026131081,ring2_enhanced
15,supp_s3_delivery,131,0.4,23,,0,169,2,80,2026131080,community40_base
94,supp_s3_delivery,10,,25,1,,129,2,80,2026131080,ring2_enhanced
16,supp_s3_delivery,87,0.4,26,,0,129,2,84,2026131084,community40_base
58,supp_s3_delivery,21,,14,1,,93,2,84,2026131084,ring2_enhanced
25,supp_s3_delivery,173,0.4,26,,0,224,2,83,2026131083,community40_base
65,supp_s3_delivery,8,,11,1,,84,2,83,2026131083,ring2_enhanced
19,supp_s3_delivery,62,0.4,13,,0,94,2,85,2026131085,community40_base
46,supp_s3_delivery,14,,16,1,,76,2,85,2026131085,ring2_enhanced
17,supp_s3_delivery,99,0.4,17,,0,133,2,86,2026131086,community40_base
55,supp_s3_delivery,13,,15,1,,83,2,86,2026131086,ring2_enhanced
22,supp_s3_delivery,99,0.4,17,,0,138,2,87,2026131087,community40_base
80,supp_s3_delivery,19,,27,1,,126,2,87,2026131087,ring2_enhanced
15,supp_s3_delivery,93,0.4,15,,0,123,2,88,2026131088,community40_base
74,supp_s3_delivery,17,,25,1,,116,2,88,2026131088,ring2_enhanced
20,supp_s3_delivery,115,0.4,16,,0,151,2,90,2026131090,community40_base
120,supp_s3_delivery,7,,19,1,,146,2,90,2026131090,ring2_enhanced
17,supp_s3_delivery,76,0.4,9,,0,102,2,91,2026131091,community40_base
46,supp_s3_delivery,14,,13,1,,73,2,91,2026131091,ring2_enhanced
23,supp_s3_delivery,117,0.4,13,,0,153,2,89,2026131089,community40_base
68,supp_s3_delivery,7,,12,1,,87,2,89,2026131089,ring2_enhanced
20,supp_s3_delivery,112,0.4,25,,0,157,2,92,2026131092,community40_base
59,supp_s3_delivery,12,,13,1,,84,2,92,2026131092,ring2_enhanced
18,supp_s3_delivery,94,0.4,16,,0,128,2,93,2026131093,community40_base
48,supp_s3_delivery,8,,15,1,,71,2,93,2026131093,ring2_enhanced
25,supp_s3_delivery,88,0.4,23,,0,136,2,95,2026131095,community40_base
75,supp_s3_delivery,5,,14,1,,94,2,95,2026131095,ring2_enhanced
20,supp_s3_delivery,96,0.4,18,,0,134,2,94,2026131094,community40_base
94,supp_s3_delivery,13,,31,1,,138,2,94,2026131094,ring2_enhanced
26,supp_s3_delivery,141,0.4,26,,0,193,2,96,2026131096,community40_base
108,supp_s3_delivery,15,,25,1,,148,2,96,2026131096,ring2_enhanced
19,supp_s3_delivery,109,0.4,25,,0,153,2,99,2026131099,community40_base
57,supp_s3_delivery,9,,8,1,,74,2,99,2026131099,ring2_enhanced
25,supp_s3_delivery,89,0.4,10,,0,124,2,98,2026131098,community40_base
98,supp_s3_delivery,9,,8,1,,115,2,98,2026131098,ring2_enhanced
17,supp_s3_delivery,79,0.4,14,,0,110,2,97,2026131097,community40_base
56,supp_s3_delivery,9,,14,1,,79,2,97,2026131097,ring2_enhanced
19,supp_s3_delivery,150,0.4,22,,0,191,2,101,2026131101,community40_base
43,supp_s3_delivery,18,,17,1,,78,2,101,2026131101,ring2_enhanced
17,supp_s3_delivery,106,0.4,24,,0,147,2,100,2026131100,community40_base
76,supp_s3_delivery,10,,27,1,,113,2,100,2026131100,ring2_enhanced
13,supp_s3_delivery,57,0.4,16,,0,86,2,102,2026131102,community40_base
58,supp_s3_delivery,11,,12,1,,81,2,102,2026131102,ring2_enhanced
11,supp_s3_delivery,87,0.4,24,,0,122,2,103,2026131103,community40_base
60,supp_s3_delivery,21,,20,1,,101,2,103,2026131103,ring2_enhanced
25,supp_s3_delivery,117,0.4,25,,0,167,2,104,2026131104,community40_base
57,supp_s3_delivery,15,,15,1,,87,2,104,2026131104,ring2_enhanced
11,supp_s3_delivery,95,0.4,14,,0,120,2,106,2026131106,community40_base
69,supp_s3_delivery,9,,22,1,,100,2,106,2026131106,ring2_enhanced
26,supp_s3_delivery,130,0.4,26,,0,182,2,107,2026131107,community40_base
54,supp_s3_delivery,11,,14,1,,79,2,107,2026131107,ring2_enhanced
22,supp_s3_delivery,100,0.4,20,,0,142,2,105,2026131105,community40_base
97,supp_s3_delivery,18,,17,1,,132,2,105,2026131105,ring2_enhanced
19,supp_s3_delivery,51,0.4,12,,0,82,2,109,2026131109,community40_base
51,supp_s3_delivery,8,,16,1,,75,2,109,2026131109,ring2_enhanced
20,supp_s3_delivery,90,0.4,15,,0,125,2,108,2026131108,community40_base
74,supp_s3_delivery,9,,16,1,,99,2,108,2026131108,ring2_enhanced
16,supp_s3_delivery,72,0.4,8,,0,96,2,110,2026131110,community40_base
65,supp_s3_delivery,7,,8,1,,80,2,110,2026131110,ring2_enhanced
27,supp_s3_delivery,95,0.4,14,,0,136,2,111,2026131111,community40_base
88,supp_s3_delivery,6,,19,1,,113,2,111,2026131111,ring2_enhanced
15,supp_s3_delivery,77,0.4,17,,0,109,2,112,2026131112,community40_base
41,supp_s3_delivery,7,,16,1,,64,2,112,2026131112,ring2_enhanced
13,supp_s3_delivery,83,0.4,16,,0,112,2,113,2026131113,community40_base
23,supp_s3_delivery,4,,9,1,,36,2,113,2026131113,ring2_enhanced
21,supp_s3_delivery,75,0.4,16,,0,112,2,114,2026131114,community40_base
75,supp_s3_delivery,21,,30,1,,126,2,114,2026131114,ring2_enhanced
19,supp_s3_delivery,86,0.4,15,,0,120,2,115,2026131115,community40_base
54,supp_s3_delivery,8,,14,1,,76,2,115,2026131115,ring2_enhanced
28,supp_s3_delivery,124,0.4,25,,0,177,2,116,2026131116,community40_base
75,supp_s3_delivery,13,,14,1,,102,2,116,2026131116,ring2_enhanced
25,supp_s3_delivery,148,0.4,26,,0,199,2,117,2026131117,community40_base
68,supp_s3_delivery,8,,16,1,,92,2,117,2026131117,ring2_enhanced
16,supp_s3_delivery,124,0.4,22,,0,162,2,118,2026131118,community40_base
63,supp_s3_delivery,8,,11,1,,82,2,118,2026131118,ring2_enhanced
23,supp_s3_delivery,135,0.4,16,,0,174,2,119,2026131119,community40_base
38,supp_s3_delivery,4,,13,1,,55,2,119,2026131119,ring2_enhanced
22,supp_s3_delivery,141,0.4,15,,0,178,2,120,2026131120,community40_base
51,supp_s3_delivery,7,,15,1,,73,2,120,2026131120,ring2_enhanced
19,supp_s3_delivery,73,0.4,20,,0,112,2,126,2026131126,community40_base
48,supp_s3_delivery,17,,26,1,,91,2,126,2026131126,ring2_enhanced
18,supp_s3_delivery,112,0.4,20,,0,150,2,124,2026131124,community40_base
48,supp_s3_delivery,13,,12,1,,73,2,124,2026131124,ring2_enhanced
16,supp_s3_delivery,126,0.4,18,,0,160,2,123,2026131123,community40_base
67,supp_s3_delivery,12,,14,1,,93,2,123,2026131123,ring2_enhanced
17,supp_s3_delivery,111,0.4,20,,0,148,2,121,2026131121,community40_base
49,supp_s3_delivery,11,,13,1,,73,2,121,2026131121,ring2_enhanced
24,supp_s3_delivery,148,0.4,29,,0,201,2,122,2026131122,community40_base
91,supp_s3_delivery,10,,35,1,,136,2,122,2026131122,ring2_enhanced
16,supp_s3_delivery,86,0.4,22,,0,124,2,125,2026131125,community40_base
78,supp_s3_delivery,10,,15,1,,103,2,125,2026131125,ring2_enhanced
21,supp_s3_delivery,136,0.4,19,,0,176,2,127,2026131127,community40_base
56,supp_s3_delivery,9,,12,1,,77,2,127,2026131127,ring2_enhanced
20,supp_s3_delivery,107,0.4,19,,0,146,2,128,2026131128,community40_base
66,supp_s3_delivery,15,,11,1,,92,2,128,2026131128,ring2_enhanced
23,supp_s3_delivery,88,0.4,12,,0,123,2,129,2026131129,community40_base
66,supp_s3_delivery,16,,15,1,,97,2,129,2026131129,ring2_enhanced
18,supp_s3_delivery,112,0.4,16,,0,146,2,133,2026131133,community40_base
60,supp_s3_delivery,6,,19,1,,85,2,133,2026131133,ring2_enhanced
15,supp_s3_delivery,72,0.4,15,,0,102,2,130,2026131130,community40_base
54,supp_s3_delivery,5,,14,1,,73,2,130,2026131130,ring2_enhanced
21,supp_s3_delivery,126,0.4,18,,0,165,2,131,2026131131,community40_base
84,supp_s3_delivery,21,,14,1,,119,2,131,2026131131,ring2_enhanced
15,supp_s3_delivery,110,0.4,17,,0,142,2,132,2026131132,community40_base
43,supp_s3_delivery,8,,21,1,,72,2,132,2026131132,ring2_enhanced
19,supp_s3_delivery,102,0.4,13,,0,134,2,134,2026131134,community40_base
71,supp_s3_delivery,25,,17,1,,113,2,134,2026131134,ring2_enhanced
19,supp_s3_delivery,55,0.4,12,,0,86,2,137,2026131137,community40_base
45,supp_s3_delivery,9,,13,1,,67,2,137,2026131137,ring2_enhanced
19,supp_s3_delivery,89,0.4,16,,0,124,2,136,2026131136,community40_base
56,supp_s3_delivery,17,,19,1,,92,2,136,2026131136,ring2_enhanced
22,supp_s3_delivery,115,0.4,16,,0,153,2,135,2026131135,community40_base
101,supp_s3_delivery,11,,15,1,,127,2,135,2026131135,ring2_enhanced
16,supp_s3_delivery,111,0.4,21,,0,148,2,139,2026131139,community40_base
63,supp_s3_delivery,7,,14,1,,84,2,139,2026131139,ring2_enhanced
21,supp_s3_delivery,82,0.4,19,,0,122,2,138,2026131138,community40_base
91,supp_s3_delivery,15,,19,1,,125,2,138,2026131138,ring2_enhanced
20,supp_s3_delivery,133,0.4,23,,0,176,2,142,2026131142,community40_base
67,supp_s3_delivery,20,,20,1,,107,2,142,2026131142,ring2_enhanced
22,supp_s3_delivery,132,0.4,23,,0,177,2,140,2026131140,community40_base
62,supp_s3_delivery,9,,5,1,,76,2,140,2026131140,ring2_enhanced
22,supp_s3_delivery,136,0.4,28,,0,186,2,141,2026131141,community40_base
101,supp_s3_delivery,18,,33,1,,152,2,141,2026131141,ring2_enhanced
18,supp_s3_delivery,106,0.4,21,,0,145,2,144,2026131144,community40_base
83,supp_s3_delivery,14,,16,1,,113,2,144,2026131144,ring2_enhanced
26,supp_s3_delivery,108,0.4,22,,0,156,2,143,2026131143,community40_base
99,supp_s3_delivery,17,,17,1,,133,2,143,2026131143,ring2_enhanced
18,supp_s3_delivery,111,0.4,23,,0,152,2,145,2026131145,community40_base
58,supp_s3_delivery,15,,24,1,,97,2,145,2026131145,ring2_enhanced
10,supp_s3_delivery,101,0.4,13,,0,124,2,146,2026131146,community40_base
74,supp_s3_delivery,17,,19,1,,110,2,146,2026131146,ring2_enhanced
15,supp_s3_delivery,106,0.4,15,,0,136,2,147,2026131147,community40_base
80,supp_s3_delivery,10,,13,1,,103,2,147,2026131147,ring2_enhanced
17,supp_s3_delivery,104,0.4,15,,0,136,2,150,2026131150,community40_base
49,supp_s3_delivery,8,,18,1,,75,2,150,2026131150,ring2_enhanced
18,supp_s3_delivery,143,0.4,16,,0,177,2,149,2026131149,community40_base
57,supp_s3_delivery,16,,14,1,,87,2,149,2026131149,ring2_enhanced
18,supp_s3_delivery,99,0.4,17,,0,134,2,148,2026131148,community40_base
51,supp_s3_delivery,7,,17,1,,75,2,148,2026131148,ring2_enhanced
20,supp_s3_delivery,102,0.4,21,,0,143,2,152,2026131152,community40_base
40,supp_s3_delivery,12,,14,1,,66,2,152,2026131152,ring2_enhanced
18,supp_s3_delivery,134,0.4,32,,0,184,2,151,2026131151,community40_base
89,supp_s3_delivery,5,,17,1,,111,2,151,2026131151,ring2_enhanced
18,supp_s3_delivery,130,0.4,20,,0,168,2,153,2026131153,community40_base
78,supp_s3_delivery,8,,9,1,,95,2,153,2026131153,ring2_enhanced
17,supp_s3_delivery,90,0.4,16,,0,123,2,154,2026131154,community40_base
84,supp_s3_delivery,8,,10,1,,102,2,154,2026131154,ring2_enhanced
13,supp_s3_delivery,114,0.4,22,,0,149,2,155,2026131155,community40_base
69,supp_s3_delivery,23,,33,1,,125,2,155,2026131155,ring2_enhanced
27,supp_s3_delivery,86,0.4,20,,0,133,2,158,2026131158,community40_base
62,supp_s3_delivery,4,,14,1,,80,2,158,2026131158,ring2_enhanced
23,supp_s3_delivery,111,0.4,21,,0,155,2,156,2026131156,community40_base
72,supp_s3_delivery,16,,17,1,,105,2,156,2026131156,ring2_enhanced
16,supp_s3_delivery,103,0.4,21,,0,140,2,157,2026131157,community40_base
46,supp_s3_delivery,14,,18,1,,78,2,157,2026131157,ring2_enhanced
11,supp_s3_delivery,79,0.4,17,,0,107,2,159,2026131159,community40_base
49,supp_s3_delivery,5,,14,1,,68,2,159,2026131159,ring2_enhanced
18,supp_s3_delivery,70,0.4,22,,0,110,2,161,2026131161,community40_base
69,supp_s3_delivery,22,,30,1,,121,2,161,2026131161,ring2_enhanced
23,supp_s3_delivery,78,0.4,9,,0,110,2,160,2026131160,community40_base
62,supp_s3_delivery,11,,11,1,,84,2,160,2026131160,ring2_enhanced
19,supp_s3_delivery,110,0.4,15,,0,144,2,163,2026131163,community40_base
53,supp_s3_delivery,2,,10,1,,65,2,163,2026131163,ring2_enhanced
17,supp_s3_delivery,77,0.4,13,,0,107,2,162,2026131162,community40_base
73,supp_s3_delivery,18,,8,1,,99,2,162,2026131162,ring2_enhanced
21,supp_s3_delivery,111,0.4,12,,0,144,2,165,2026131165,community40_base
82,supp_s3_delivery,15,,18,1,,115,2,165,2026131165,ring2_enhanced
24,supp_s3_delivery,83,0.4,28,,0,135,2,164,2026131164,community40_base
72,supp_s3_delivery,6,,16,1,,94,2,164,2026131164,ring2_enhanced
19,supp_s3_delivery,97,0.4,18,,0,134,2,167,2026131167,community40_base
70,supp_s3_delivery,17,,19,1,,106,2,167,2026131167,ring2_enhanced
18,supp_s3_delivery,109,0.4,16,,0,143,2,166,2026131166,community40_base
94,supp_s3_delivery,9,,11,1,,114,2,166,2026131166,ring2_enhanced
18,supp_s3_delivery,98,0.4,22,,0,138,2,168,2026131168,community40_base
54,supp_s3_delivery,20,,15,1,,89,2,168,2026131168,ring2_enhanced
19,supp_s3_delivery,83,0.4,14,,0,116,2,169,2026131169,community40_base
54,supp_s3_delivery,9,,22,1,,85,2,169,2026131169,ring2_enhanced
25,supp_s3_delivery,120,0.4,27,,0,172,2,171,2026131171,community40_base
84,supp_s3_delivery,16,,30,1,,130,2,171,2026131171,ring2_enhanced
17,supp_s3_delivery,119,0.4,27,,0,163,2,170,2026131170,community40_base
106,supp_s3_delivery,14,,25,1,,145,2,170,2026131170,ring2_enhanced
27,supp_s3_delivery,142,0.4,25,,0,194,2,172,2026131172,community40_base
78,supp_s3_delivery,11,,19,1,,108,2,172,2026131172,ring2_enhanced
17,supp_s3_delivery,87,0.4,18,,0,122,2,175,2026131175,community40_base
63,supp_s3_delivery,11,,20,1,,94,2,175,2026131175,ring2_enhanced
17,supp_s3_delivery,133,0.4,27,,0,177,2,173,2026131173,community40_base
72,supp_s3_delivery,8,,11,1,,91,2,173,2026131173,ring2_enhanced
16,supp_s3_delivery,128,0.4,20,,0,164,2,176,2026131176,community40_base
33,supp_s3_delivery,5,,16,1,,54,2,176,2026131176,ring2_enhanced
12,supp_s3_delivery,55,0.4,13,,0,80,2,174,2026131174,community40_base
56,supp_s3_delivery,5,,2,1,,63,2,174,2026131174,ring2_enhanced
15,supp_s3_delivery,108,0.4,12,,0,135,2,177,2026131177,community40_base
50,supp_s3_delivery,7,,9,1,,66,2,177,2026131177,ring2_enhanced
18,supp_s3_delivery,134,0.4,27,,0,179,2,179,2026131179,community40_base
60,supp_s3_delivery,20,,17,1,,97,2,179,2026131179,ring2_enhanced
21,supp_s3_delivery,82,0.4,17,,0,120,2,180,2026131180,community40_base
58,supp_s3_delivery,14,,15,1,,87,2,180,2026131180,ring2_enhanced
24,supp_s3_delivery,156,0.4,25,,0,205,2,178,2026131178,community40_base
71,supp_s3_delivery,34,,33,1,,138,2,178,2026131178,ring2_enhanced
20,supp_s3_delivery,88,0.4,15,,0,123,2,181,2026131181,community40_base
40,supp_s3_delivery,4,,5,1,,49,2,181,2026131181,ring2_enhanced
17,supp_s3_delivery,98,0.4,28,,0,143,2,184,2026131184,community40_base
60,supp_s3_delivery,4,,24,1,,88,2,184,2026131184,ring2_enhanced
20,supp_s3_delivery,125,0.4,24,,0,169,2,185,2026131185,community40_base
74,supp_s3_delivery,9,,18,1,,101,2,185,2026131185,ring2_enhanced
23,supp_s3_delivery,141,0.4,27,,0,191,2,183,2026131183,community40_base
66,supp_s3_delivery,14,,33,1,,113,2,183,2026131183,ring2_enhanced
24,supp_s3_delivery,127,0.4,27,,0,178,2,182,2026131182,community40_base
107,supp_s3_delivery,8,,13,1,,128,2,182,2026131182,ring2_enhanced
15,supp_s3_delivery,91,0.4,10,,0,116,2,186,2026131186,community40_base
40,supp_s3_delivery,4,,17,1,,61,2,186,2026131186,ring2_enhanced
17,supp_s3_delivery,94,0.4,21,,0,132,2,188,2026131188,community40_base
47,supp_s3_delivery,25,,27,1,,99,2,188,2026131188,ring2_enhanced
21,supp_s3_delivery,117,0.4,20,,0,158,2,190,2026131190,community40_base
63,supp_s3_delivery,8,,7,1,,78,2,190,2026131190,ring2_enhanced
17,supp_s3_delivery,103,0.4,18,,0,138,2,187,2026131187,community40_base
62,supp_s3_delivery,6,,14,1,,82,2,187,2026131187,ring2_enhanced
19,supp_s3_delivery,114,0.4,22,,0,155,2,191,2026131191,community40_base
57,supp_s3_delivery,14,,18,1,,89,2,191,2026131191,ring2_enhanced
17,supp_s3_delivery,77,0.4,21,,0,115,2,192,2026131192,community40_base
43,supp_s3_delivery,18,,6,1,,67,2,192,2026131192,ring2_enhanced
15,supp_s3_delivery,134,0.4,15,,0,164,2,189,2026131189,community40_base
47,supp_s3_delivery,12,,17,1,,76,2,189,2026131189,ring2_enhanced
19,supp_s3_delivery,101,0.4,20,,0,140,2,194,2026131194,community40_base
52,supp_s3_delivery,13,,11,1,,76,2,194,2026131194,ring2_enhanced
15,supp_s3_delivery,124,0.4,20,,0,159,2,193,2026131193,community40_base
71,supp_s3_delivery,24,,31,1,,126,2,193,2026131193,ring2_enhanced
13,supp_s3_delivery,91,0.4,13,,0,117,2,195,2026131195,community40_base
38,supp_s3_delivery,5,,14,1,,57,2,195,2026131195,ring2_enhanced
23,supp_s3_delivery,111,0.4,16,,0,150,2,196,2026131196,community40_base
55,supp_s3_delivery,7,,10,1,,72,2,196,2026131196,ring2_enhanced
17,supp_s3_delivery,69,0.4,22,,0,108,2,198,2026131198,community40_base
43,supp_s3_delivery,8,,25,1,,76,2,198,2026131198,ring2_enhanced
19,supp_s3_delivery,83,0.4,13,,0,115,2,200,2026131200,community40_base
43,supp_s3_delivery,8,,10,1,,61,2,200,2026131200,ring2_enhanced
15,supp_s3_delivery,121,0.4,14,,0,150,2,197,2026131197,community40_base
65,supp_s3_delivery,3,,12,1,,80,2,197,2026131197,ring2_enhanced
18,supp_s3_delivery,86,0.4,19,,0,123,2,199,2026131199,community40_base
71,supp_s3_delivery,5,,12,1,,88,2,199,2026131199,ring2_enhanced
18,supp_s3_delivery,96,0.4,22,,0,136,2,202,2026131202,community40_base
48,supp_s3_delivery,17,,18,1,,83,2,202,2026131202,ring2_enhanced
14,supp_s3_delivery,94,0.4,21,,0,129,2,201,2026131201,community40_base
79,supp_s3_delivery,20,,23,1,,122,2,201,2026131201,ring2_enhanced
22,supp_s3_delivery,69,0.4,19,,0,110,2,204,2026131204,community40_base
59,supp_s3_delivery,23,,25,1,,107,2,204,2026131204,ring2_enhanced
12,supp_s3_delivery,92,0.4,15,,0,119,2,203,2026131203,community40_base
47,supp_s3_delivery,10,,8,1,,65,2,203,2026131203,ring2_enhanced
18,supp_s3_delivery,102,0.4,17,,0,137,2,208,2026131208,community40_base
30,supp_s3_delivery,4,,12,1,,46,2,208,2026131208,ring2_enhanced
21,supp_s3_delivery,161,0.4,22,,0,204,2,205,2026131205,community40_base
81,supp_s3_delivery,16,,17,1,,114,2,205,2026131205,ring2_enhanced
15,supp_s3_delivery,103,0.4,18,,0,136,2,206,2026131206,community40_base
39,supp_s3_delivery,13,,12,1,,64,2,206,2026131206,ring2_enhanced
23,supp_s3_delivery,72,0.4,22,,0,117,2,209,2026131209,community40_base
51,supp_s3_delivery,10,,20,1,,81,2,209,2026131209,ring2_enhanced
18,supp_s3_delivery,68,0.4,16,,0,102,2,207,2026131207,community40_base
78,supp_s3_delivery,8,,15,1,,101,2,207,2026131207,ring2_enhanced
20,supp_s3_delivery,128,0.4,20,,0,168,2,210,2026131210,community40_base
93,supp_s3_delivery,5,,14,1,,112,2,210,2026131210,ring2_enhanced
16,supp_s3_delivery,157,0.4,17,,0,190,2,212,2026131212,community40_base
60,supp_s3_delivery,21,,11,1,,92,2,212,2026131212,ring2_enhanced
15,supp_s3_delivery,128,0.4,22,,0,165,2,211,2026131211,community40_base
64,supp_s3_delivery,6,,10,1,,80,2,211,2026131211,ring2_enhanced
22,supp_s3_delivery,80,0.4,18,,0,120,2,213,2026131213,community40_base
97,supp_s3_delivery,12,,13,1,,122,2,213,2026131213,ring2_enhanced
19,supp_s3_delivery,69,0.4,14,,0,102,2,217,2026131217,community40_base
67,supp_s3_delivery,13,,19,1,,99,2,217,2026131217,ring2_enhanced
15,supp_s3_delivery,72,0.4,20,,0,107,2,214,2026131214,community40_base
43,supp_s3_delivery,15,,15,1,,73,2,214,2026131214,ring2_enhanced
25,supp_s3_delivery,104,0.4,14,,0,143,2,215,2026131215,community40_base
78,supp_s3_delivery,22,,25,1,,125,2,215,2026131215,ring2_enhanced
28,supp_s3_delivery,95,0.4,23,,0,146,2,218,2026131218,community40_base
61,supp_s3_delivery,18,,28,1,,107,2,218,2026131218,ring2_enhanced
15,supp_s3_delivery,104,0.4,20,,0,139,2,216,2026131216,community40_base
79,supp_s3_delivery,17,,13,1,,109,2,216,2026131216,ring2_enhanced
29,supp_s3_delivery,113,0.4,29,,0,171,2,219,2026131219,community40_base
54,supp_s3_delivery,7,,6,1,,67,2,219,2026131219,ring2_enhanced
17,supp_s3_delivery,104,0.4,21,,0,142,2,220,2026131220,community40_base
64,supp_s3_delivery,14,,17,1,,95,2,220,2026131220,ring2_enhanced
22,supp_s3_delivery,67,0.4,16,,0,105,2,221,2026131221,community40_base
89,supp_s3_delivery,19,,18,1,,126,2,221,2026131221,ring2_enhanced
25,supp_s3_delivery,131,0.4,29,,0,185,2,222,2026131222,community40_base
52,supp_s3_delivery,11,,15,1,,78,2,222,2026131222,ring2_enhanced
22,supp_s3_delivery,120,0.4,20,,0,162,2,223,2026131223,community40_base
73,supp_s3_delivery,13,,25,1,,111,2,223,2026131223,ring2_enhanced
18,supp_s3_delivery,80,0.4,19,,0,117,2,225,2026131225,community40_base
55,supp_s3_delivery,16,,18,1,,89,2,225,2026131225,ring2_enhanced
19,supp_s3_delivery,147,0.4,19,,0,185,2,224,2026131224,community40_base
88,supp_s3_delivery,14,,22,1,,124,2,224,2026131224,ring2_enhanced
13,supp_s3_delivery,95,0.4,16,,0,124,2,226,2026131226,community40_base
37,supp_s3_delivery,4,,12,1,,53,2,226,2026131226,ring2_enhanced
22,supp_s3_delivery,95,0.4,23,,0,140,2,227,2026131227,community40_base
41,supp_s3_delivery,15,,26,1,,82,2,227,2026131227,ring2_enhanced
17,supp_s3_delivery,56,0.4,11,,0,84,2,228,2026131228,community40_base
50,supp_s3_delivery,8,,16,1,,74,2,228,2026131228,ring2_enhanced
12,supp_s3_delivery,140,0.4,27,,0,179,2,229,2026131229,community40_base
64,supp_s3_delivery,15,,24,1,,103,2,229,2026131229,ring2_enhanced
21,supp_s3_delivery,96,0.4,16,,0,133,2,230,2026131230,community40_base
60,supp_s3_delivery,4,,14,1,,78,2,230,2026131230,ring2_enhanced
11,supp_s3_delivery,102,0.4,23,,0,136,2,232,2026131232,community40_base
45,supp_s3_delivery,7,,19,1,,71,2,232,2026131232,ring2_enhanced
20,supp_s3_delivery,80,0.4,16,,0,116,2,231,2026131231,community40_base
71,supp_s3_delivery,12,,18,1,,101,2,231,2026131231,ring2_enhanced
22,supp_s3_delivery,144,0.4,23,,0,189,2,234,2026131234,community40_base
57,supp_s3_delivery,21,,19,1,,97,2,234,2026131234,ring2_enhanced
17,supp_s3_delivery,117,0.4,23,,0,157,2,233,2026131233,community40_base
65,supp_s3_delivery,2,,18,1,,85,2,233,2026131233,ring2_enhanced
24,supp_s3_delivery,106,0.4,18,,0,148,2,235,2026131235,community40_base
83,supp_s3_delivery,8,,13,1,,104,2,235,2026131235,ring2_enhanced
25,supp_s3_delivery,95,0.4,19,,0,139,2,237,2026131237,community40_base
58,supp_s3_delivery,9,,13,1,,80,2,237,2026131237,ring2_enhanced
19,supp_s3_delivery,110,0.4,23,,0,152,2,236,2026131236,community40_base
52,supp_s3_delivery,12,,19,1,,83,2,236,2026131236,ring2_enhanced
22,supp_s3_delivery,125,0.4,20,,0,167,2,238,2026131238,community40_base
91,supp_s3_delivery,20,,22,1,,133,2,238,2026131238,ring2_enhanced
12,supp_s3_delivery,63,0.4,14,,0,89,2,240,2026131240,community40_base
70,supp_s3_delivery,5,,12,1,,87,2,240,2026131240,ring2_enhanced
17,supp_s3_delivery,73,0.4,13,,0,103,2,241,2026131241,community40_base
69,supp_s3_delivery,2,,11,1,,82,2,241,2026131241,ring2_enhanced
16,supp_s3_delivery,91,0.4,13,,0,120,2,239,2026131239,community40_base
45,supp_s3_delivery,6,,12,1,,63,2,239,2026131239,ring2_enhanced
15,supp_s3_delivery,84,0.4,24,,0,123,2,242,2026131242,community40_base
30,supp_s3_delivery,8,,3,1,,41,2,242,2026131242,ring2_enhanced
22,supp_s3_delivery,104,0.4,16,,0,142,2,243,2026131243,community40_base
53,supp_s3_delivery,8,,22,1,,83,2,243,2026131243,ring2_enhanced
18,supp_s3_delivery,120,0.4,12,,0,150,2,244,2026131244,community40_base
49,supp_s3_delivery,15,,19,1,,83,2,244,2026131244,ring2_enhanced
20,supp_s3_delivery,111,0.4,20,,0,151,2,245,2026131245,community40_base
76,supp_s3_delivery,15,,17,1,,108,2,245,2026131245,ring2_enhanced
12,supp_s3_delivery,81,0.4,15,,0,108,2,246,2026131246,community40_base
39,supp_s3_delivery,8,,16,1,,63,2,246,2026131246,ring2_enhanced
21,supp_s3_delivery,99,0.4,19,,0,139,2,247,2026131247,community40_base
46,supp_s3_delivery,15,,13,1,,74,2,247,2026131247,ring2_enhanced
16,supp_s3_delivery,125,0.4,13,,0,154,2,249,2026131249,community40_base
69,supp_s3_delivery,14,,14,1,,97,2,249,2026131249,ring2_enhanced
21,supp_s3_delivery,117,0.4,23,,0,161,2,248,2026131248,community40_base
89,supp_s3_delivery,24,,20,1,,133,2,248,2026131248,ring2_enhanced
22,supp_s3_delivery,116,0.4,22,,0,160,2,251,2026131251,community40_base
73,supp_s3_delivery,15,,25,1,,113,2,251,2026131251,ring2_enhanced
23,supp_s3_delivery,119,0.4,22,,0,164,2,250,2026131250,community40_base
69,supp_s3_delivery,11,,16,1,,96,2,250,2026131250,ring2_enhanced
15,supp_s3_delivery,88,0.4,15,,0,118,2,252,2026131252,community40_base
78,supp_s3_delivery,6,,9,1,,93,2,252,2026131252,ring2_enhanced
20,supp_s3_delivery,93,0.4,20,,0,133,2,253,2026131253,community40_base
69,supp_s3_delivery,10,,28,1,,107,2,253,2026131253,ring2_enhanced
22,supp_s3_delivery,83,0.4,26,,0,131,2,255,2026131255,community40_base
61,supp_s3_delivery,18,,16,1,,95,2,255,2026131255,ring2_enhanced
17,supp_s3_delivery,80,0.4,17,,0,114,2,254,2026131254,community40_base
50,supp_s3_delivery,12,,11,1,,73,2,254,2026131254,ring2_enhanced
11,supp_s3_delivery,103,0.4,29,,0,143,2,256,2026131256,community40_base
55,supp_s3_delivery,1,,7,1,,63,2,256,2026131256,ring2_enhanced
18,supp_s3_delivery,78,0.4,17,,0,113,2,258,2026131258,community40_base
38,supp_s3_delivery,12,,19,1,,69,2,258,2026131258,ring2_enhanced
15,supp_s3_delivery,81,0.4,21,,0,117,2,257,2026131257,community40_base
72,supp_s3_delivery,15,,28,1,,115,2,257,2026131257,ring2_enhanced
20,supp_s3_delivery,84,0.4,25,,0,129,2,260,2026131260,community40_base
53,supp_s3_delivery,11,,26,1,,90,2,260,2026131260,ring2_enhanced
18,supp_s3_delivery,108,0.4,21,,0,147,2,262,2026131262,community40_base
80,supp_s3_delivery,14,,12,1,,106,2,262,2026131262,ring2_enhanced
19,supp_s3_delivery,103,0.4,12,,0,134,2,261,2026131261,community40_base
39,supp_s3_delivery,10,,9,1,,58,2,261,2026131261,ring2_enhanced
17,supp_s3_delivery,114,0.4,21,,0,152,2,259,2026131259,community40_base
97,supp_s3_delivery,15,,18,1,,130,2,259,2026131259,ring2_enhanced
14,supp_s3_delivery,110,0.4,11,,0,135,2,264,2026131264,community40_base
52,supp_s3_delivery,9,,11,1,,72,2,264,2026131264,ring2_enhanced
22,supp_s3_delivery,69,0.4,15,,0,106,2,267,2026131267,community40_base
60,supp_s3_delivery,6,,13,1,,79,2,267,2026131267,ring2_enhanced
18,supp_s3_delivery,80,0.4,24,,0,122,2,263,2026131263,community40_base
71,supp_s3_delivery,11,,12,1,,94,2,263,2026131263,ring2_enhanced
16,supp_s3_delivery,104,0.4,25,,0,145,2,266,2026131266,community40_base
70,supp_s3_delivery,12,,10,1,,92,2,266,2026131266,ring2_enhanced
22,supp_s3_delivery,122,0.4,23,,0,167,2,265,2026131265,community40_base
27,supp_s3_delivery,14,,17,1,,58,2,265,2026131265,ring2_enhanced
16,supp_s3_delivery,136,0.4,26,,0,178,2,269,2026131269,community40_base
58,supp_s3_delivery,11,,14,1,,83,2,269,2026131269,ring2_enhanced
15,supp_s3_delivery,110,0.4,13,,0,138,2,268,2026131268,community40_base
73,supp_s3_delivery,19,,17,1,,109,2,268,2026131268,ring2_enhanced
13,supp_s3_delivery,156,0.4,15,,0,184,2,271,2026131271,community40_base
73,supp_s3_delivery,15,,11,1,,99,2,271,2026131271,ring2_enhanced
19,supp_s3_delivery,85,0.4,18,,0,122,2,273,2026131273,community40_base
42,supp_s3_delivery,4,,14,1,,60,2,273,2026131273,ring2_enhanced
16,supp_s3_delivery,108,0.4,19,,0,143,2,270,2026131270,community40_base
55,supp_s3_delivery,13,,25,1,,93,2,270,2026131270,ring2_enhanced
7,supp_s3_delivery,86,0.4,16,,0,109,2,272,2026131272,community40_base
82,supp_s3_delivery,18,,29,1,,129,2,272,2026131272,ring2_enhanced
15,supp_s3_delivery,117,0.4,26,,0,158,2,274,2026131274,community40_base
75,supp_s3_delivery,11,,19,1,,105,2,274,2026131274,ring2_enhanced
14,supp_s3_delivery,106,0.4,18,,0,138,2,275,2026131275,community40_base
78,supp_s3_delivery,5,,14,1,,97,2,275,2026131275,ring2_enhanced
12,supp_s3_delivery,88,0.4,18,,0,118,2,276,2026131276,community40_base
55,supp_s3_delivery,20,,32,1,,107,2,276,2026131276,ring2_enhanced
18,supp_s3_delivery,55,0.4,15,,0,88,2,277,2026131277,community40_base
54,supp_s3_delivery,27,,16,1,,97,2,277,2026131277,ring2_enhanced
22,supp_s3_delivery,126,0.4,26,,0,174,2,279,2026131279,community40_base
87,supp_s3_delivery,16,,20,1,,123,2,279,2026131279,ring2_enhanced
21,supp_s3_delivery,109,0.4,18,,0,148,2,278,2026131278,community40_base
50,supp_s3_delivery,21,,15,1,,86,2,278,2026131278,ring2_enhanced
15,supp_s3_delivery,109,0.4,30,,0,154,2,281,2026131281,community40_base
72,supp_s3_delivery,13,,12,1,,97,2,281,2026131281,ring2_enhanced
14,supp_s3_delivery,101,0.4,14,,0,129,2,280,2026131280,community40_base
82,supp_s3_delivery,12,,13,1,,107,2,280,2026131280,ring2_enhanced
16,supp_s3_delivery,82,0.4,17,,0,115,2,282,2026131282,community40_base
93,supp_s3_delivery,8,,16,1,,117,2,282,2026131282,ring2_enhanced
14,supp_s3_delivery,76,0.4,18,,0,108,2,285,2026131285,community40_base
35,supp_s3_delivery,6,,16,1,,57,2,285,2026131285,ring2_enhanced
15,supp_s3_delivery,84,0.4,19,,0,118,2,283,2026131283,community40_base
102,supp_s3_delivery,14,,17,1,,133,2,283,2026131283,ring2_enhanced
22,supp_s3_delivery,40,0.4,11,,0,73,2,288,2026131288,community40_base
51,supp_s3_delivery,6,,9,1,,66,2,288,2026131288,ring2_enhanced
16,supp_s3_delivery,78,0.4,15,,0,109,2,284,2026131284,community40_base
53,supp_s3_delivery,16,,19,1,,88,2,284,2026131284,ring2_enhanced
26,supp_s3_delivery,148,0.4,20,,0,194,2,287,2026131287,community40_base
74,supp_s3_delivery,7,,20,1,,101,2,287,2026131287,ring2_enhanced
17,supp_s3_delivery,45,0.4,11,,0,73,2,286,2026131286,community40_base
59,supp_s3_delivery,11,,15,1,,85,2,286,2026131286,ring2_enhanced
29,supp_s3_delivery,147,0.4,27,,0,203,2,289,2026131289,community40_base
89,supp_s3_delivery,8,,18,1,,115,2,289,2026131289,ring2_enhanced
27,supp_s3_delivery,125,0.4,23,,0,175,2,290,2026131290,community40_base
65,supp_s3_delivery,7,,11,1,,83,2,290,2026131290,ring2_enhanced
18,supp_s3_delivery,102,0.4,13,,0,133,2,291,2026131291,community40_base
30,supp_s3_delivery,15,,34,1,,79,2,291,2026131291,ring2_enhanced
17,supp_s3_delivery,85,0.4,13,,0,115,2,292,2026131292,community40_base
67,supp_s3_delivery,15,,23,1,,105,2,292,2026131292,ring2_enhanced
21,supp_s3_delivery,115,0.4,25,,0,161,2,293,2026131293,community40_base
65,supp_s3_delivery,10,,21,1,,96,2,293,2026131293,ring2_enhanced
25,supp_s3_delivery,112,0.4,16,,0,153,2,295,2026131295,community40_base
67,supp_s3_delivery,10,,9,1,,86,2,295,2026131295,ring2_enhanced
24,supp_s3_delivery,111,0.4,21,,0,156,2,294,2026131294,community40_base
75,supp_s3_delivery,12,,14,1,,101,2,294,2026131294,ring2_enhanced
30,supp_s3_delivery,108,0.4,16,,0,154,2,297,2026131297,community40_base
86,supp_s3_delivery,25,,23,1,,134,2,297,2026131297,ring2_enhanced
20,supp_s3_delivery,86,0.4,14,,0,120,2,298,2026131298,community40_base
89,supp_s3_delivery,8,,19,1,,116,2,298,2026131298,ring2_enhanced
28,supp_s3_delivery,146,0.4,17,,0,191,2,299,2026131299,community40_base
59,supp_s3_delivery,12,,10,1,,81,2,299,2026131299,ring2_enhanced
23,supp_s3_delivery,123,0.4,29,,0,175,2,296,2026131296,community40_base
71,supp_s3_delivery,12,,8,1,,91,2,296,2026131296,ring2_enhanced
20,supp_s3_delivery,154,0.4,20,,0,194,2,300,2026131300,community40_base
84,supp_s3_delivery,14,,12,1,,110,2,300,2026131300,ring2_enhanced
20,supp_s3_delivery,63,0.4,25,,0,108,2,301,2026131301,community40_base
58,supp_s3_delivery,15,,10,1,,83,2,301,2026131301,ring2_enhanced
14,supp_s3_delivery,81,0.4,17,,0,112,2,302,2026131302,community40_base
53,supp_s3_delivery,6,,21,1,,80,2,302,2026131302,ring2_enhanced
21,supp_s3_delivery,137,0.4,23,,0,181,2,303,2026131303,community40_base
52,supp_s3_delivery,16,,22,1,,90,2,303,2026131303,ring2_enhanced
23,supp_s3_delivery,74,0.4,15,,0,112,2,306,2026131306,community40_base
76,supp_s3_delivery,21,,33,1,,130,2,306,2026131306,ring2_enhanced
22,supp_s3_delivery,90,0.4,14,,0,126,2,304,2026131304,community40_base
35,supp_s3_delivery,5,,9,1,,49,2,304,2026131304,ring2_enhanced
25,supp_s3_delivery,159,0.4,23,,0,207,2,305,2026131305,community40_base
58,supp_s3_delivery,9,,17,1,,84,2,305,2026131305,ring2_enhanced
15,supp_s3_delivery,99,0.4,20,,0,134,2,308,2026131308,community40_base
75,supp_s3_delivery,22,,22,1,,119,2,308,2026131308,ring2_enhanced
24,supp_s3_delivery,143,0.4,20,,0,187,2,307,2026131307,community40_base
60,supp_s3_delivery,8,,14,1,,82,2,307,2026131307,ring2_enhanced
12,supp_s3_delivery,91,0.4,22,,0,125,2,310,2026131310,community40_base
66,supp_s3_delivery,9,,7,1,,82,2,310,2026131310,ring2_enhanced
20,supp_s3_delivery,92,0.4,18,,0,130,2,309,2026131309,community40_base
81,supp_s3_delivery,16,,6,1,,103,2,309,2026131309,ring2_enhanced
13,supp_s3_delivery,102,0.4,18,,0,133,2,311,2026131311,community40_base
84,supp_s3_delivery,10,,15,1,,109,2,311,2026131311,ring2_enhanced
14,supp_s3_delivery,99,0.4,20,,0,133,2,312,2026131312,community40_base
54,supp_s3_delivery,13,,19,1,,86,2,312,2026131312,ring2_enhanced
19,supp_s3_delivery,139,0.4,24,,0,182,2,313,2026131313,community40_base
99,supp_s3_delivery,29,,31,1,,159,2,313,2026131313,ring2_enhanced
15,supp_s3_delivery,90,0.4,25,,0,130,2,316,2026131316,community40_base
39,supp_s3_delivery,9,,9,1,,57,2,316,2026131316,ring2_enhanced
18,supp_s3_delivery,82,0.4,24,,0,124,2,315,2026131315,community40_base
35,supp_s3_delivery,11,,8,1,,54,2,315,2026131315,ring2_enhanced
22,supp_s3_delivery,114,0.4,20,,0,156,2,314,2026131314,community40_base
60,supp_s3_delivery,6,,14,1,,80,2,314,2026131314,ring2_enhanced
12,supp_s3_delivery,78,0.4,12,,0,102,2,318,2026131318,community40_base
26,supp_s3_delivery,4,,12,1,,42,2,318,2026131318,ring2_enhanced
21,supp_s3_delivery,90,0.4,17,,0,128,2,317,2026131317,community40_base
24,supp_s3_delivery,3,,9,1,,36,2,317,2026131317,ring2_enhanced
17,supp_s3_delivery,123,0.4,17,,0,157,2,320,2026131320,community40_base
73,supp_s3_delivery,8,,12,1,,93,2,320,2026131320,ring2_enhanced
20,supp_s3_delivery,88,0.4,20,,0,128,2,319,2026131319,community40_base
52,supp_s3_delivery,8,,23,1,,83,2,319,2026131319,ring2_enhanced
21,supp_s3_delivery,92,0.4,17,,0,130,2,321,2026131321,community40_base
36,supp_s3_delivery,17,,12,1,,65,2,321,2026131321,ring2_enhanced
16,supp_s3_delivery,99,0.4,18,,0,133,2,322,2026131322,community40_base
102,supp_s3_delivery,18,,22,1,,142,2,322,2026131322,ring2_enhanced
19,supp_s3_delivery,100,0.4,22,,0,141,2,323,2026131323,community40_base
49,supp_s3_delivery,10,,8,1,,67,2,323,2026131323,ring2_enhanced
15,supp_s3_delivery,124,0.4,26,,0,165,2,324,2026131324,community40_base
78,supp_s3_delivery,13,,13,1,,104,2,324,2026131324,ring2_enhanced
14,supp_s3_delivery,120,0.4,22,,0,156,2,325,2026131325,community40_base
96,supp_s3_delivery,7,,11,1,,114,2,325,2026131325,ring2_enhanced
20,supp_s3_delivery,119,0.4,16,,0,155,2,326,2026131326,community40_base
75,supp_s3_delivery,18,,21,1,,114,2,326,2026131326,ring2_enhanced
15,supp_s3_delivery,83,0.4,16,,0,114,2,328,2026131328,community40_base
77,supp_s3_delivery,12,,12,1,,101,2,328,2026131328,ring2_enhanced
17,supp_s3_delivery,115,0.4,17,,0,149,2,330,2026131330,community40_base
69,supp_s3_delivery,8,,18,1,,95,2,330,2026131330,ring2_enhanced
23,supp_s3_delivery,93,0.4,12,,0,128,2,331,2026131331,community40_base
72,supp_s3_delivery,11,,11,1,,94,2,331,2026131331,ring2_enhanced
21,supp_s3_delivery,131,0.4,23,,0,175,2,327,2026131327,community40_base
83,supp_s3_delivery,17,,22,1,,122,2,327,2026131327,ring2_enhanced
18,supp_s3_delivery,153,0.4,26,,0,197,2,332,2026131332,community40_base
79,supp_s3_delivery,8,,14,1,,101,2,332,2026131332,ring2_enhanced
25,supp_s3_delivery,137,0.4,26,,0,188,2,333,2026131333,community40_base
74,supp_s3_delivery,9,,10,1,,93,2,333,2026131333,ring2_enhanced
23,supp_s3_delivery,223,0.4,22,,0,268,2,329,2026131329,community40_base
80,supp_s3_delivery,13,,27,1,,120,2,329,2026131329,ring2_enhanced
17,supp_s3_delivery,124,0.4,21,,0,162,2,334,2026131334,community40_base
58,supp_s3_delivery,12,,10,1,,80,2,334,2026131334,ring2_enhanced
25,supp_s3_delivery,117,0.4,36,,0,178,2,336,2026131336,community40_base
79,supp_s3_delivery,10,,15,1,,104,2,336,2026131336,ring2_enhanced
14,supp_s3_delivery,74,0.4,14,,0,102,2,335,2026131335,community40_base
32,supp_s3_delivery,1,,5,1,,38,2,335,2026131335,ring2_enhanced
19,supp_s3_delivery,118,0.4,19,,0,156,2,337,2026131337,community40_base
57,supp_s3_delivery,4,,10,1,,71,2,337,2026131337,ring2_enhanced
14,supp_s3_delivery,87,0.4,16,,0,117,2,340,2026131340,community40_base
40,supp_s3_delivery,9,,11,1,,60,2,340,2026131340,ring2_enhanced
15,supp_s3_delivery,127,0.4,18,,0,160,2,338,2026131338,community40_base
72,supp_s3_delivery,17,,16,1,,105,2,338,2026131338,ring2_enhanced
22,supp_s3_delivery,120,0.4,12,,0,154,2,339,2026131339,community40_base
63,supp_s3_delivery,8,,16,1,,87,2,339,2026131339,ring2_enhanced
17,supp_s3_delivery,75,0.4,20,,0,112,2,341,2026131341,community40_base
58,supp_s3_delivery,12,,18,1,,88,2,341,2026131341,ring2_enhanced
16,supp_s3_delivery,117,0.4,24,,0,157,2,342,2026131342,community40_base
66,supp_s3_delivery,11,,12,1,,89,2,342,2026131342,ring2_enhanced
17,supp_s3_delivery,122,0.4,20,,0,159,2,343,2026131343,community40_base
12,supp_s3_delivery,5,,9,1,,26,2,343,2026131343,ring2_enhanced
19,supp_s3_delivery,81,0.4,13,,0,113,2,344,2026131344,community40_base
49,supp_s3_delivery,9,,16,1,,74,2,344,2026131344,ring2_enhanced
15,supp_s3_delivery,121,0.4,13,,0,149,2,345,2026131345,community40_base
53,supp_s3_delivery,6,,3,1,,62,2,345,2026131345,ring2_enhanced
17,supp_s3_delivery,86,0.4,14,,0,117,2,347,2026131347,community40_base
70,supp_s3_delivery,17,,19,1,,106,2,347,2026131347,ring2_enhanced
37,supp_s3_delivery,131,0.4,23,,0,191,2,346,2026131346,community40_base
86,supp_s3_delivery,13,,17,1,,116,2,346,2026131346,ring2_enhanced
21,supp_s3_delivery,129,0.4,24,,0,174,2,349,2026131349,community40_base
44,supp_s3_delivery,11,,16,1,,71,2,349,2026131349,ring2_enhanced
13,supp_s3_delivery,63,0.4,14,,0,90,2,350,2026131350,community40_base
62,supp_s3_delivery,3,,9,1,,74,2,350,2026131350,ring2_enhanced
17,supp_s3_delivery,97,0.4,18,,0,132,2,348,2026131348,community40_base
96,supp_s3_delivery,22,,25,1,,143,2,348,2026131348,ring2_enhanced
22,supp_s3_delivery,151,0.4,18,,0,191,2,352,2026131352,community40_base
48,supp_s3_delivery,22,,25,1,,95,2,352,2026131352,ring2_enhanced
19,supp_s3_delivery,98,0.4,15,,0,132,2,353,2026131353,community40_base
35,supp_s3_delivery,9,,22,1,,66,2,353,2026131353,ring2_enhanced
19,supp_s3_delivery,56,0.4,13,,0,88,2,351,2026131351,community40_base
75,supp_s3_delivery,12,,12,1,,99,2,351,2026131351,ring2_enhanced
24,supp_s3_delivery,97,0.4,26,,0,147,2,354,2026131354,community40_base
32,supp_s3_delivery,14,,14,1,,60,2,354,2026131354,ring2_enhanced
18,supp_s3_delivery,91,0.4,15,,0,124,2,355,2026131355,community40_base
43,supp_s3_delivery,7,,12,1,,62,2,355,2026131355,ring2_enhanced
10,supp_s3_delivery,81,0.4,17,,0,108,2,358,2026131358,community40_base
63,supp_s3_delivery,11,,6,1,,80,2,358,2026131358,ring2_enhanced
25,supp_s3_delivery,111,0.4,23,,0,159,2,356,2026131356,community40_base
73,supp_s3_delivery,7,,14,1,,94,2,356,2026131356,ring2_enhanced
23,supp_s3_delivery,106,0.4,23,,0,152,2,357,2026131357,community40_base
65,supp_s3_delivery,3,,15,1,,83,2,357,2026131357,ring2_enhanced
18,supp_s3_delivery,59,0.4,17,,0,94,2,359,2026131359,community40_base
58,supp_s3_delivery,8,,15,1,,81,2,359,2026131359,ring2_enhanced
21,supp_s3_delivery,102,0.4,13,,0,136,2,362,2026131362,community40_base
64,supp_s3_delivery,7,,13,1,,84,2,362,2026131362,ring2_enhanced
23,supp_s3_delivery,130,0.4,13,,0,166,2,360,2026131360,community40_base
45,supp_s3_delivery,6,,7,1,,58,2,360,2026131360,ring2_enhanced
21,supp_s3_delivery,77,0.4,16,,0,114,2,361,2026131361,community40_base
83,supp_s3_delivery,14,,22,1,,119,2,361,2026131361,ring2_enhanced
27,supp_s3_delivery,144,0.4,31,,0,202,2,363,2026131363,community40_base
66,supp_s3_delivery,19,,20,1,,105,2,363,2026131363,ring2_enhanced
23,supp_s3_delivery,117,0.4,19,,0,159,2,364,2026131364,community40_base
75,supp_s3_delivery,14,,16,1,,105,2,364,2026131364,ring2_enhanced
23,supp_s3_delivery,110,0.4,14,,0,147,2,365,2026131365,community40_base
71,supp_s3_delivery,21,,15,1,,107,2,365,2026131365,ring2_enhanced
16,supp_s3_delivery,62,0.4,14,,0,92,2,368,2026131368,community40_base
19,supp_s3_delivery,1,,3,1,,23,2,368,2026131368,ring2_enhanced
14,supp_s3_delivery,85,0.4,15,,0,114,2,366,2026131366,community40_base
82,supp_s3_delivery,9,,11,1,,102,2,366,2026131366,ring2_enhanced
26,supp_s3_delivery,144,0.4,28,,0,198,2,367,2026131367,community40_base
72,supp_s3_delivery,5,,14,1,,91,2,367,2026131367,ring2_enhanced
21,supp_s3_delivery,109,0.4,21,,0,151,2,369,2026131369,community40_base
33,supp_s3_delivery,17,,27,1,,77,2,369,2026131369,ring2_enhanced
18,supp_s3_delivery,103,0.4,22,,0,143,2,370,2026131370,community40_base
73,supp_s3_delivery,18,,23,1,,114,2,370,2026131370,ring2_enhanced
19,supp_s3_delivery,116,0.4,20,,0,155,2,371,2026131371,community40_base
66,supp_s3_delivery,16,,23,1,,105,2,371,2026131371,ring2_enhanced
19,supp_s3_delivery,75,0.4,16,,0,110,2,373,2026131373,community40_base
41,supp_s3_delivery,28,,26,1,,95,2,373,2026131373,ring2_enhanced
12,supp_s3_delivery,159,0.4,22,,0,193,2,372,2026131372,community40_base
59,supp_s3_delivery,12,,21,1,,92,2,372,2026131372,ring2_enhanced
15,supp_s3_delivery,176,0.4,18,,0,209,2,374,2026131374,community40_base
58,supp_s3_delivery,12,,20,1,,90,2,374,2026131374,ring2_enhanced
15,supp_s3_delivery,129,0.4,12,,0,156,2,377,2026131377,community40_base
77,supp_s3_delivery,10,,18,1,,105,2,377,2026131377,ring2_enhanced
24,supp_s3_delivery,108,0.4,25,,0,157,2,378,2026131378,community40_base
24,supp_s3_delivery,12,,15,1,,51,2,378,2026131378,ring2_enhanced
21,supp_s3_delivery,137,0.4,14,,0,172,2,375,2026131375,community40_base
76,supp_s3_delivery,19,,19,1,,114,2,375,2026131375,ring2_enhanced
16,supp_s3_delivery,150,0.4,25,,0,191,2,376,2026131376,community40_base
75,supp_s3_delivery,20,,32,1,,127,2,376,2026131376,ring2_enhanced
18,supp_s3_delivery,105,0.4,24,,0,147,2,379,2026131379,community40_base
31,supp_s3_delivery,4,,11,1,,46,2,379,2026131379,ring2_enhanced
18,supp_s3_delivery,113,0.4,21,,0,152,2,381,2026131381,community40_base
58,supp_s3_delivery,5,,9,1,,72,2,381,2026131381,ring2_enhanced
20,supp_s3_delivery,78,0.4,16,,0,114,2,380,2026131380,community40_base
47,supp_s3_delivery,8,,14,1,,69,2,380,2026131380,ring2_enhanced
20,supp_s3_delivery,74,0.4,16,,0,110,2,382,2026131382,community40_base
53,supp_s3_delivery,17,,26,1,,96,2,382,2026131382,ring2_enhanced
20,supp_s3_delivery,125,0.4,28,,0,173,2,384,2026131384,community40_base
60,supp_s3_delivery,9,,15,1,,84,2,384,2026131384,ring2_enhanced
14,supp_s3_delivery,96,0.4,19,,0,129,2,385,2026131385,community40_base
60,supp_s3_delivery,20,,21,1,,101,2,385,2026131385,ring2_enhanced
19,supp_s3_delivery,145,0.4,26,,0,190,2,383,2026131383,community40_base
85,supp_s3_delivery,24,,17,1,,126,2,383,2026131383,ring2_enhanced
18,supp_s3_delivery,108,0.4,18,,0,144,2,387,2026131387,community40_base
65,supp_s3_delivery,13,,28,1,,106,2,387,2026131387,ring2_enhanced
19,supp_s3_delivery,138,0.4,25,,0,182,2,386,2026131386,community40_base
63,supp_s3_delivery,13,,22,1,,98,2,386,2026131386,ring2_enhanced
16,supp_s3_delivery,103,0.4,12,,0,131,2,388,2026131388,community40_base
49,supp_s3_delivery,9,,21,1,,79,2,388,2026131388,ring2_enhanced
13,supp_s3_delivery,88,0.4,20,,0,121,2,389,2026131389,community40_base
60,supp_s3_delivery,3,,6,1,,69,2,389,2026131389,ring2_enhanced
24,supp_s3_delivery,138,0.4,16,,0,178,2,390,2026131390,community40_base
63,supp_s3_delivery,8,,21,1,,92,2,390,2026131390,ring2_enhanced
13,supp_s3_delivery,125,0.4,27,,0,165,2,391,2026131391,community40_base
40,supp_s3_delivery,8,,7,1,,55,2,391,2026131391,ring2_enhanced
13,supp_s3_delivery,97,0.4,13,,0,123,2,392,2026131392,community40_base
70,supp_s3_delivery,13,,5,1,,88,2,392,2026131392,ring2_enhanced
22,supp_s3_delivery,120,0.4,31,,0,173,2,393,2026131393,community40_base
83,supp_s3_delivery,13,,21,1,,117,2,393,2026131393,ring2_enhanced
18,supp_s3_delivery,84,0.4,17,,0,119,2,394,2026131394,community40_base
50,supp_s3_delivery,7,,7,1,,64,2,394,2026131394,ring2_enhanced
21,supp_s3_delivery,53,0.4,19,,0,93,2,396,2026131396,community40_base
70,supp_s3_delivery,22,,17,1,,109,2,396,2026131396,ring2_enhanced
22,supp_s3_delivery,125,0.4,14,,0,161,2,395,2026131395,community40_base
54,supp_s3_delivery,30,,43,1,,127,2,395,2026131395,ring2_enhanced
22,supp_s3_delivery,105,0.4,21,,0,148,2,397,2026131397,community40_base
47,supp_s3_delivery,7,,7,1,,61,2,397,2026131397,ring2_enhanced
13,supp_s3_delivery,80,0.4,14,,0,107,2,399,2026131399,community40_base
72,supp_s3_delivery,14,,23,1,,109,2,399,2026131399,ring2_enhanced
21,supp_s3_delivery,110,0.4,19,,0,150,2,398,2026131398,community40_base
62,supp_s3_delivery,10,,13,1,,85,2,398,2026131398,ring2_enhanced
33,supp_s3_delivery,92,0.4,23,,0,148,2,400,2026131400,community40_base
57,supp_s3_delivery,7,,21,1,,85,2,400,2026131400,ring2_enhanced
14,supp_s3_delivery,74,0.4,16,,0,104,2,401,2026131401,community40_base
46,supp_s3_delivery,12,,16,1,,74,2,401,2026131401,ring2_enhanced
22,supp_s3_delivery,129,0.4,26,,0,177,2,403,2026131403,community40_base
86,supp_s3_delivery,17,,27,1,,130,2,403,2026131403,ring2_enhanced
17,supp_s3_delivery,96,0.4,13,,0,126,2,405,2026131405,community40_base
23,supp_s3_delivery,9,,12,1,,44,2,405,2026131405,ring2_enhanced
20,supp_s3_delivery,127,0.4,24,,0,171,2,402,2026131402,community40_base
82,supp_s3_delivery,30,,17,1,,129,2,402,2026131402,ring2_enhanced
27,supp_s3_delivery,123,0.4,22,,0,172,2,404,2026131404,community40_base
83,supp_s3_delivery,8,,10,1,,101,2,404,2026131404,ring2_enhanced
11,supp_s3_delivery,67,0.4,23,,0,101,2,406,2026131406,community40_base
46,supp_s3_delivery,9,,18,1,,73,2,406,2026131406,ring2_enhanced
27,supp_s3_delivery,114,0.4,10,,0,151,2,409,2026131409,community40_base
62,supp_s3_delivery,17,,17,1,,96,2,409,2026131409,ring2_enhanced
12,supp_s3_delivery,114,0.4,17,,0,143,2,408,2026131408,community40_base
58,supp_s3_delivery,12,,9,1,,79,2,408,2026131408,ring2_enhanced
17,supp_s3_delivery,111,0.4,25,,0,153,2,407,2026131407,community40_base
80,supp_s3_delivery,13,,13,1,,106,2,407,2026131407,ring2_enhanced
11,supp_s3_delivery,105,0.4,17,,0,133,2,410,2026131410,community40_base
55,supp_s3_delivery,17,,21,1,,93,2,410,2026131410,ring2_enhanced
24,supp_s3_delivery,103,0.4,19,,0,146,2,413,2026131413,community40_base
100,supp_s3_delivery,14,,16,1,,130,2,413,2026131413,ring2_enhanced
10,supp_s3_delivery,98,0.4,26,,0,134,2,411,2026131411,community40_base
103,supp_s3_delivery,12,,19,1,,134,2,411,2026131411,ring2_enhanced
20,supp_s3_delivery,85,0.4,19,,0,124,2,414,2026131414,community40_base
56,supp_s3_delivery,13,,14,1,,83,2,414,2026131414,ring2_enhanced
27,supp_s3_delivery,116,0.4,17,,0,160,2,412,2026131412,community40_base
74,supp_s3_delivery,13,,22,1,,109,2,412,2026131412,ring2_enhanced
19,supp_s3_delivery,109,0.4,21,,0,149,2,415,2026131415,community40_base
67,supp_s3_delivery,6,,14,1,,87,2,415,2026131415,ring2_enhanced
20,supp_s3_delivery,101,0.4,18,,0,139,2,418,2026131418,community40_base
67,supp_s3_delivery,9,,9,1,,85,2,418,2026131418,ring2_enhanced
25,supp_s3_delivery,158,0.4,14,,0,197,2,416,2026131416,community40_base
89,supp_s3_delivery,10,,19,1,,118,2,416,2026131416,ring2_enhanced
15,supp_s3_delivery,64,0.4,11,,0,90,2,419,2026131419,community40_base
45,supp_s3_delivery,15,,18,1,,78,2,419,2026131419,ring2_enhanced
21,supp_s3_delivery,93,0.4,13,,0,127,2,417,2026131417,community40_base
51,supp_s3_delivery,11,,7,1,,69,2,417,2026131417,ring2_enhanced
16,supp_s3_delivery,107,0.4,19,,0,142,2,422,2026131422,community40_base
74,supp_s3_delivery,8,,16,1,,98,2,422,2026131422,ring2_enhanced
16,supp_s3_delivery,74,0.4,17,,0,107,2,420,2026131420,community40_base
58,supp_s3_delivery,3,,6,1,,67,2,420,2026131420,ring2_enhanced
15,supp_s3_delivery,99,0.4,11,,0,125,2,424,2026131424,community40_base
40,supp_s3_delivery,2,,7,1,,49,2,424,2026131424,ring2_enhanced
18,supp_s3_delivery,120,0.4,20,,0,158,2,421,2026131421,community40_base
29,supp_s3_delivery,5,,16,1,,50,2,421,2026131421,ring2_enhanced
15,supp_s3_delivery,87,0.4,14,,0,116,2,425,2026131425,community40_base
42,supp_s3_delivery,11,,12,1,,65,2,425,2026131425,ring2_enhanced
19,supp_s3_delivery,118,0.4,20,,0,157,2,423,2026131423,community40_base
96,supp_s3_delivery,13,,14,1,,123,2,423,2026131423,ring2_enhanced
30,supp_s3_delivery,122,0.4,27,,0,179,2,426,2026131426,community40_base
78,supp_s3_delivery,12,,17,1,,107,2,426,2026131426,ring2_enhanced
12,supp_s3_delivery,69,0.4,16,,0,97,2,427,2026131427,community40_base
75,supp_s3_delivery,18,,16,1,,109,2,427,2026131427,ring2_enhanced
12,supp_s3_delivery,93,0.4,16,,0,121,2,432,2026131432,community40_base
57,supp_s3_delivery,16,,26,1,,99,2,432,2026131432,ring2_enhanced
25,supp_s3_delivery,114,0.4,22,,0,161,2,429,2026131429,community40_base
65,supp_s3_delivery,9,,14,1,,88,2,429,2026131429,ring2_enhanced
23,supp_s3_delivery,86,0.4,18,,0,127,2,428,2026131428,community40_base
85,supp_s3_delivery,10,,16,1,,111,2,428,2026131428,ring2_enhanced
16,supp_s3_delivery,85,0.4,18,,0,119,2,430,2026131430,community40_base
45,supp_s3_delivery,3,,26,1,,74,2,430,2026131430,ring2_enhanced
16,supp_s3_delivery,77,0.4,21,,0,114,2,433,2026131433,community40_base
37,supp_s3_delivery,8,,6,1,,51,2,433,2026131433,ring2_enhanced
18,supp_s3_delivery,78,0.4,21,,0,117,2,431,2026131431,community40_base
98,supp_s3_delivery,12,,11,1,,121,2,431,2026131431,ring2_enhanced
15,supp_s3_delivery,74,0.4,23,,0,112,2,434,2026131434,community40_base
60,supp_s3_delivery,13,,18,1,,91,2,434,2026131434,ring2_enhanced
17,supp_s3_delivery,72,0.4,19,,0,108,2,436,2026131436,community40_base
40,supp_s3_delivery,6,,11,1,,57,2,436,2026131436,ring2_enhanced
19,supp_s3_delivery,94,0.4,13,,0,126,2,435,2026131435,community40_base
62,supp_s3_delivery,4,,5,1,,71,2,435,2026131435,ring2_enhanced
25,supp_s3_delivery,117,0.4,14,,0,156,2,438,2026131438,community40_base
74,supp_s3_delivery,10,,19,1,,103,2,438,2026131438,ring2_enhanced
24,supp_s3_delivery,95,0.4,15,,0,134,2,440,2026131440,community40_base
74,supp_s3_delivery,7,,8,1,,89,2,440,2026131440,ring2_enhanced
22,supp_s3_delivery,93,0.4,22,,0,137,2,437,2026131437,community40_base
83,supp_s3_delivery,10,,21,1,,114,2,437,2026131437,ring2_enhanced
29,supp_s3_delivery,174,0.4,24,,0,227,2,439,2026131439,community40_base
91,supp_s3_delivery,13,,12,1,,116,2,439,2026131439,ring2_enhanced
19,supp_s3_delivery,122,0.4,20,,0,161,2,442,2026131442,community40_base
43,supp_s3_delivery,5,,17,1,,65,2,442,2026131442,ring2_enhanced
16,supp_s3_delivery,90,0.4,23,,0,129,2,443,2026131443,community40_base
60,supp_s3_delivery,15,,18,1,,93,2,443,2026131443,ring2_enhanced
14,supp_s3_delivery,75,0.4,11,,0,100,2,441,2026131441,community40_base
87,supp_s3_delivery,11,,13,1,,111,2,441,2026131441,ring2_enhanced
22,supp_s3_delivery,148,0.4,25,,0,195,2,444,2026131444,community40_base
52,supp_s3_delivery,6,,24,1,,82,2,444,2026131444,ring2_enhanced
15,supp_s3_delivery,104,0.4,19,,0,138,2,446,2026131446,community40_base
75,supp_s3_delivery,13,,17,1,,105,2,446,2026131446,ring2_enhanced
20,supp_s3_delivery,132,0.4,26,,0,178,2,448,2026131448,community40_base
100,supp_s3_delivery,16,,12,1,,128,2,448,2026131448,ring2_enhanced
27,supp_s3_delivery,146,0.4,23,,0,196,2,445,2026131445,community40_base
63,supp_s3_delivery,8,,7,1,,78,2,445,2026131445,ring2_enhanced
22,supp_s3_delivery,96,0.4,28,,0,146,2,447,2026131447,community40_base
67,supp_s3_delivery,14,,19,1,,100,2,447,2026131447,ring2_enhanced
22,supp_s3_delivery,147,0.4,26,,0,195,2,450,2026131450,community40_base
54,supp_s3_delivery,14,,43,1,,111,2,450,2026131450,ring2_enhanced
18,supp_s3_delivery,103,0.4,18,,0,139,2,449,2026131449,community40_base
59,supp_s3_delivery,20,,27,1,,106,2,449,2026131449,ring2_enhanced
14,supp_s3_delivery,99,0.4,18,,0,131,2,451,2026131451,community40_base
41,supp_s3_delivery,12,,17,1,,70,2,451,2026131451,ring2_enhanced
15,supp_s3_delivery,72,0.4,20,,0,107,2,453,2026131453,community40_base
47,supp_s3_delivery,9,,20,1,,76,2,453,2026131453,ring2_enhanced
18,supp_s3_delivery,86,0.4,19,,0,123,2,452,2026131452,community40_base
55,supp_s3_delivery,11,,20,1,,86,2,452,2026131452,ring2_enhanced
23,supp_s3_delivery,129,0.4,19,,0,171,2,454,2026131454,community40_base
62,supp_s3_delivery,10,,28,1,,100,2,454,2026131454,ring2_enhanced
19,supp_s3_delivery,133,0.4,20,,0,172,2,455,2026131455,community40_base
63,supp_s3_delivery,7,,9,1,,79,2,455,2026131455,ring2_enhanced
18,supp_s3_delivery,112,0.4,17,,0,147,2,458,2026131458,community40_base
48,supp_s3_delivery,9,,18,1,,75,2,458,2026131458,ring2_enhanced
18,supp_s3_delivery,122,0.4,16,,0,156,2,456,2026131456,community40_base
58,supp_s3_delivery,19,,23,1,,100,2,456,2026131456,ring2_enhanced
27,supp_s3_delivery,102,0.4,26,,0,155,2,459,2026131459,community40_base
77,supp_s3_delivery,21,,23,1,,121,2,459,2026131459,ring2_enhanced
28,supp_s3_delivery,161,0.4,26,,0,215,2,460,2026131460,community40_base
62,supp_s3_delivery,15,,18,1,,95,2,460,2026131460,ring2_enhanced
20,supp_s3_delivery,136,0.4,19,,0,175,2,457,2026131457,community40_base
79,supp_s3_delivery,18,,24,1,,121,2,457,2026131457,ring2_enhanced
13,supp_s3_delivery,83,0.4,14,,0,110,2,461,2026131461,community40_base
77,supp_s3_delivery,12,,17,1,,106,2,461,2026131461,ring2_enhanced
21,supp_s3_delivery,129,0.4,16,,0,166,2,462,2026131462,community40_base
72,supp_s3_delivery,10,,17,1,,99,2,462,2026131462,ring2_enhanced
15,supp_s3_delivery,50,0.4,21,,0,86,2,463,2026131463,community40_base
79,supp_s3_delivery,5,,7,1,,91,2,463,2026131463,ring2_enhanced
26,supp_s3_delivery,152,0.4,20,,0,198,2,464,2026131464,community40_base
83,supp_s3_delivery,19,,33,1,,135,2,464,2026131464,ring2_enhanced
32,supp_s3_delivery,143,0.4,22,,0,197,2,465,2026131465,community40_base
153,supp_s3_delivery,11,,23,1,,187,2,465,2026131465,ring2_enhanced
23,supp_s3_delivery,114,0.4,23,,0,160,2,466,2026131466,community40_base
79,supp_s3_delivery,6,,14,1,,99,2,466,2026131466,ring2_enhanced
15,supp_s3_delivery,64,0.4,21,,0,100,2,469,2026131469,community40_base
126,supp_s3_delivery,6,,14,1,,146,2,469,2026131469,ring2_enhanced
12,supp_s3_delivery,81,0.4,21,,0,114,2,468,2026131468,community40_base
61,supp_s3_delivery,4,,11,1,,76,2,468,2026131468,ring2_enhanced
19,supp_s3_delivery,116,0.4,20,,0,155,2,470,2026131470,community40_base
64,supp_s3_delivery,10,,21,1,,95,2,470,2026131470,ring2_enhanced
20,supp_s3_delivery,101,0.4,16,,0,137,2,467,2026131467,community40_base
101,supp_s3_delivery,17,,32,1,,150,2,467,2026131467,ring2_enhanced
20,supp_s3_delivery,62,0.4,16,,0,98,2,472,2026131472,community40_base
33,supp_s3_delivery,15,,21,1,,69,2,472,2026131472,ring2_enhanced
22,supp_s3_delivery,112,0.4,17,,0,151,2,471,2026131471,community40_base
88,supp_s3_delivery,13,,16,1,,117,2,471,2026131471,ring2_enhanced
11,supp_s3_delivery,81,0.4,25,,0,117,2,477,2026131477,community40_base
43,supp_s3_delivery,7,,6,1,,56,2,477,2026131477,ring2_enhanced
24,supp_s3_delivery,56,0.4,15,,0,95,2,474,2026131474,community40_base
85,supp_s3_delivery,11,,13,1,,109,2,474,2026131474,ring2_enhanced
13,supp_s3_delivery,57,0.4,23,,0,93,2,473,2026131473,community40_base
53,supp_s3_delivery,7,,10,1,,70,2,473,2026131473,ring2_enhanced
17,supp_s3_delivery,82,0.4,19,,0,118,2,475,2026131475,community40_base
33,supp_s3_delivery,7,,11,1,,51,2,475,2026131475,ring2_enhanced
21,supp_s3_delivery,78,0.4,27,,0,126,2,478,2026131478,community40_base
59,supp_s3_delivery,6,,12,1,,77,2,478,2026131478,ring2_enhanced
23,supp_s3_delivery,160,0.4,31,,0,214,2,476,2026131476,community40_base
94,supp_s3_delivery,36,,33,1,,163,2,476,2026131476,ring2_enhanced
18,supp_s3_delivery,111,0.4,14,,0,143,2,479,2026131479,community40_base
39,supp_s3_delivery,10,,16,1,,65,2,479,2026131479,ring2_enhanced
21,supp_s3_delivery,101,0.4,16,,0,138,2,480,2026131480,community40_base
76,supp_s3_delivery,15,,17,1,,108,2,480,2026131480,ring2_enhanced
18,supp_s3_delivery,73,0.4,20,,0,111,2,483,2026131483,community40_base
52,supp_s3_delivery,9,,8,1,,69,2,483,2026131483,ring2_enhanced
19,supp_s3_delivery,58,0.4,10,,0,87,2,481,2026131481,community40_base
66,supp_s3_delivery,12,,15,1,,93,2,481,2026131481,ring2_enhanced
22,supp_s3_delivery,130,0.4,23,,0,175,2,482,2026131482,community40_base
62,supp_s3_delivery,10,,11,1,,83,2,482,2026131482,ring2_enhanced
22,supp_s3_delivery,102,0.4,23,,0,147,2,484,2026131484,community40_base
102,supp_s3_delivery,10,,19,1,,131,2,484,2026131484,ring2_enhanced
22,supp_s3_delivery,115,0.4,22,,0,159,2,485,2026131485,community40_base
71,supp_s3_delivery,17,,20,1,,108,2,485,2026131485,ring2_enhanced
15,supp_s3_delivery,59,0.4,12,,0,86,2,489,2026131489,community40_base
73,supp_s3_delivery,4,,14,1,,91,2,489,2026131489,ring2_enhanced
32,supp_s3_delivery,121,0.4,19,,0,172,2,488,2026131488,community40_base
70,supp_s3_delivery,8,,11,1,,89,2,488,2026131488,ring2_enhanced
27,supp_s3_delivery,79,0.4,16,,0,122,2,487,2026131487,community40_base
37,supp_s3_delivery,6,,29,1,,72,2,487,2026131487,ring2_enhanced
14,supp_s3_delivery,174,0.4,19,,0,207,2,486,2026131486,community40_base
67,supp_s3_delivery,14,,22,1,,103,2,486,2026131486,ring2_enhanced
23,supp_s3_delivery,115,0.4,14,,0,152,2,490,2026131490,community40_base
56,supp_s3_delivery,7,,10,1,,73,2,490,2026131490,ring2_enhanced
17,supp_s3_delivery,103,0.4,18,,0,138,2,491,2026131491,community40_base
60,supp_s3_delivery,5,,11,1,,76,2,491,2026131491,ring2_enhanced
23,supp_s3_delivery,102,0.4,17,,0,142,2,492,2026131492,community40_base
75,supp_s3_delivery,12,,24,1,,111,2,492,2026131492,ring2_enhanced
18,supp_s3_delivery,115,0.4,20,,0,153,2,496,2026131496,community40_base
36,supp_s3_delivery,11,,23,1,,70,2,496,2026131496,ring2_enhanced
13,supp_s3_delivery,70,0.4,17,,0,100,2,497,2026131497,community40_base
70,supp_s3_delivery,6,,13,1,,89,2,497,2026131497,ring2_enhanced
24,supp_s3_delivery,132,0.4,28,,0,184,2,493,2026131493,community40_base
57,supp_s3_delivery,6,,12,1,,75,2,493,2026131493,ring2_enhanced
16,supp_s3_delivery,110,0.4,20,,0,146,2,495,2026131495,community40_base
76,supp_s3_delivery,16,,14,1,,106,2,495,2026131495,ring2_enhanced
14,supp_s3_delivery,73,0.4,21,,0,108,2,494,2026131494,community40_base
56,supp_s3_delivery,9,,16,1,,81,2,494,2026131494,ring2_enhanced
12,supp_s3_delivery,94,0.4,17,,0,123,2,499,2026131499,community40_base
68,supp_s3_delivery,5,,8,1,,81,2,499,2026131499,ring2_enhanced
18,supp_s3_delivery,78,0.4,15,,0,111,2,498,2026131498,community40_base
65,supp_s3_delivery,13,,19,1,,97,2,498,2026131498,ring2_enhanced
